Program,Scenario,Year,Customer Type,1%,2%,3%,4%,5%,6%,7%,8%,9%,10%,11%,12%,13%,14%,15%,16%,17%,18%,19%,20%,21%,22%,23%,24%,25%,26%,27%,28%,29%,30%,31%,32%,33%,34%,35%,36%,37%,38%,39%,40%,41%,42%,43%,44%,45%,46%,47%,48%,49%,50%,51%,52%,53%,54%,55%,56%,57%,58%,59%,60%,61%,62%,63%,64%,65%,66%,67%,68%,69%,70%,71%,72%,73%,74%,75%,76%,77%,78%,79%,80%,81%,82%,83%,84%,85%,86%,87%,88%,89%,90%,91%,92%,93%,94%,95%,96%,97%,98%,99%
DLC,flat,2025,new,131.88,133.93,136.16,138.44,140.63,143.00,145.28,147.61,150.15,152.58,155.24,157.84,160.59,163.27,166.03,168.85,172.15,175.14,178.22,181.39,184.65,188.02,191.50,195.33,199.06,202.91,206.91,211.07,211.07,219.89,224.91,229.50,234.64,240.05,245.34,251.33,257.66,264.39,271.07,278.68,286.40,294.65,303.59,313.91,324.06,335.96,348.33,362.30,378.35,395.81,418.16,443.77,472.03,509.55,558.45,620.79,620.79,706.17,1020.36,1282.76,1731.32,--,--,--,--,--,--,--,--,--,--,--,--,--,--,--,--,--,--,--,--,--,--,--,--,--,--,--,--,--,--,--,--,--,--,--,--,--,--
DLC,flat,2030,new,126.14,127.47,128.82,130.20,131.60,133.03,134.40,135.89,137.41,138.86,140.54,142.16,143.72,145.41,147.14,148.81,150.62,152.49,154.40,156.37,158.26,160.33,162.33,164.66,166.78,169.12,171.38,173.87,173.87,178.95,181.72,184.59,187.40,190.51,193.56,196.74,200.29,204.03,207.71,211.70,215.97,220.33,224.97,229.93,235.61,241.38,247.64,254.49,262.06,269.91,279.38,290.26,302.14,316.35,333.84,355.43,355.43,383.06,493.70,622.78,925.58,--,--,--,--,--,--,--,--,--,--,--,--,--,--,--,--,--,--,--,--,--,--,--,--,--,--,--,--,--,--,--,--,--,--,--,--,--,--
DLC,flat,2035,new,120.76,121.65,122.55,123.52,124.46,125.41,126.31,127.30,128.31,129.33,130.45,131.52,132.57,133.66,134.80,135.96,137.16,138.46,139.63,140.91,142.23,143.58,144.97,146.39,147.86,149.37,150.92,152.44,152.44,155.78,157.66,159.38,161.28,163.24,165.29,167.29,169.51,171.98,174.26,176.81,179.49,182.14,185.13,188.30,191.68,195.30,198.94,203.13,207.40,212.38,217.53,223.66,230.17,238.15,246.97,257.40,257.40,270.07,313.22,359.08,471.83,--,--,--,--,--,--,--,--,--,--,--,--,--,--,--,--,--,--,--,--,--,--,--,--,--,--,--,--,--,--,--,--,--,--,--,--,--,--
DLC,flat,2040,new,115.53,116.14,116.76,117.43,118.08,118.73,119.40,120.08,120.78,121.49,122.25,122.95,123.70,124.47,125.25,126.05,126.87,127.76,128.62,129.51,130.35,131.28,132.23,133.20,134.26,135.30,136.36,137.45,137.45,139.67,140.95,142.19,143.48,144.82,146.12,147.55,149.05,150.72,152.35,154.07,155.75,157.64,159.64,161.75,163.98,166.37,168.93,171.68,174.46,177.68,181.22,185.14,189.54,194.21,199.96,206.33,206.33,214.31,238.62,261.54,313.97,--,--,--,--,--,--,--,--,--,--,--,--,--,--,--,--,--,--,--,--,--,--,--,--,--,--,--,--,--,--,--,--,--,--,--,--,--,--
DLC,flat,2045,new,112.35,112.75,113.16,113.60,114.03,114.46,114.90,115.35,115.80,116.27,116.77,117.26,117.75,118.26,118.78,119.30,119.81,120.39,120.96,121.53,122.13,122.73,123.36,123.99,124.69,125.37,126.06,126.78,126.78,128.23,129.07,129.88,130.72,131.59,132.49,133.43,134.41,135.49,136.49,137.60,138.77,140.00,141.29,142.65,144.19,145.63,147.28,149.04,150.94,153.01,155.12,157.76,160.54,163.62,167.05,171.26,171.26,176.00,191.03,203.57,227.97,--,--,--,--,--,--,--,--,--,--,--,--,--,--,--,--,--,--,--,--,--,--,--,--,--,--,--,--,--,--,--,--,--,--,--,--,--,--
DLC,flat,2050,new,110.12,110.24,110.37,110.51,110.65,110.78,110.92,111.07,111.21,111.36,111.51,111.67,111.82,111.98,112.14,112.31,112.48,112.66,112.84,113.02,113.21,113.40,113.59,113.79,114.01,114.22,114.44,114.66,114.66,115.13,115.39,115.64,115.90,116.18,116.46,116.75,117.05,117.38,117.71,118.05,118.41,118.79,119.18,119.60,120.07,120.54,121.03,121.57,122.14,122.75,123.42,124.20,125.02,125.93,126.96,128.14,128.14,129.54,133.61,136.77,142.16,--,--,--,--,--,--,--,--,--,--,--,--,--,--,--,--,--,--,--,--,--,--,--,--,--,--,--,--,--,--,--,--,--,--,--,--,--,--
DLC,high,2025,new,130.83,131.74,132.67,133.62,134.57,135.55,136.54,137.55,138.57,139.61,140.67,141.66,142.85,143.87,145.10,146.17,147.45,148.56,149.79,151.04,152.32,153.63,154.97,156.23,157.74,159.06,160.52,161.92,161.92,165.02,166.64,168.24,170.01,171.77,173.44,175.30,177.06,179.05,181.10,183.22,185.23,187.51,189.67,192.13,194.46,196.93,199.43,202.32,205.10,208.29,211.07,214.60,218.02,221.65,225.51,229.63,229.63,233.63,243.42,248.68,254.15,260.91,267.72,275.56,284.47,293.75,304.82,316.66,331.65,348.69,371.27,397.15,434.94,477.14,536.41,614.47,723.74,866.01,1132.37,--,--,--,--,--,--,--,--,--,--,--,--,--,--,--,--,--,--,--,--
DLC,high,2030,new,119.47,120.00,120.58,121.11,121.71,122.26,122.87,123.44,124.07,124.65,125.25,125.86,126.52,127.15,127.83,128.48,129.19,129.85,130.59,131.28,131.98,132.70,133.48,134.23,135.04,135.82,136.67,137.47,137.47,139.12,140.05,140.92,141.89,142.80,143.81,144.69,145.75,146.84,147.87,149.02,150.11,151.23,152.38,153.67,154.89,156.26,157.57,158.91,160.31,161.88,163.38,165.07,166.56,168.39,170.15,172.16,172.16,173.94,178.29,180.55,182.95,185.72,188.22,191.39,194.55,197.97,201.71,205.83,210.41,215.56,220.94,228.09,235.94,246.09,257.28,275.24,304.72,356.51,555.50,--,--,--,--,--,--,--,--,--,--,--,--,--,--,--,--,--,--,--,--
DLC,high,2035,new,108.25,108.52,108.82,109.10,109.41,109.69,110.01,110.30,110.63,110.93,111.27,111.58,111.93,112.25,112.61,112.94,113.31,113.65,114.03,114.39,114.78,115.15,115.53,115.91,116.33,116.73,117.17,117.58,117.58,118.47,118.94,119.39,119.89,120.36,120.88,121.37,121.91,122.43,122.96,123.54,124.10,124.72,125.30,125.96,126.58,127.28,127.94,128.68,129.39,130.18,130.88,131.73,132.55,133.47,134.35,135.36,135.36,136.33,138.50,139.62,140.81,142.17,143.51,145.06,146.60,148.25,150.04,152.17,154.33,156.74,159.45,162.83,166.16,170.91,175.94,183.96,194.28,214.72,306.29,--,--,--,--,--,--,--,--,--,--,--,--,--,--,--,--,--,--,--,--
DLC,high,2040,new,97.11,97.23,97.36,97.48,97.61,97.74,97.87,98.00,98.14,98.28,98.42,98.56,98.71,98.85,99.00,99.15,99.31,99.45,99.62,99.77,99.94,100.10,100.28,100.44,100.63,100.80,100.99,101.17,101.17,101.55,101.75,101.95,102.16,102.36,102.58,102.79,103.03,103.25,103.49,103.74,103.98,104.25,104.50,104.78,105.04,105.34,105.62,105.94,106.23,106.57,106.89,107.25,107.60,107.98,108.36,108.78,108.78,109.18,110.08,110.59,111.08,111.64,112.19,112.78,113.40,114.12,114.83,115.68,116.53,117.54,118.58,119.85,121.20,122.90,124.80,127.39,130.31,135.54,146.11,--,--,--,--,--,--,--,--,--,--,--,--,--,--,--,--,--,--,--,--
DLC,high,2045,new,91.04,91.09,91.14,91.18,91.23,91.28,91.33,91.38,91.43,91.48,91.53,91.58,91.64,91.69,91.75,91.80,91.86,91.91,91.98,92.03,92.10,92.15,92.22,92.28,92.35,92.41,92.48,92.55,92.55,92.69,92.77,92.84,92.92,92.99,93.07,93.15,93.24,93.32,93.41,93.50,93.59,93.69,93.78,93.88,93.98,94.09,94.19,94.30,94.41,94.54,94.65,94.79,94.91,95.05,95.19,95.34,95.34,95.49,95.82,96.00,96.18,96.38,96.58,96.80,97.03,97.29,97.54,97.84,98.14,98.50,98.86,99.30,99.77,100.34,100.97,101.80,102.79,104.30,106.66,--,--,--,--,--,--,--,--,--,--,--,--,--,--,--,--,--,--,--,--
DLC,high,2050,new,85.00,85.00,85.00,85.00,85.00,85.00,85.00,85.00,85.00,85.00,85.00,85.00,85.00,85.00,85.00,85.00,85.00,85.00,85.00,85.00,85.00,85.00,85.00,85.00,85.00,85.00,85.00,85.00,85.00,85.00,85.00,85.00,85.00,85.00,85.00,85.00,85.00,85.00,85.00,85.00,85.00,85.00,85.00,85.00,85.00,85.00,85.00,85.00,85.00,85.00,85.00,85.00,85.00,85.00,85.00,85.00,85.00,85.00,85.00,85.00,85.00,85.00,85.00,85.00,85.00,85.00,85.00,85.00,85.00,85.00,85.00,85.00,85.00,85.00,85.00,85.00,85.00,85.00,85.00,--,--,--,--,--,--,--,--,--,--,--,--,--,--,--,--,--,--,--,--
DLC,low,2025,new,266.43,273.64,280.79,288.49,296.13,304.39,312.61,321.51,330.39,339.65,349.72,359.84,370.88,382.03,393.76,406.14,420.38,434.38,449.31,465.32,482.56,501.24,521.64,543.10,567.94,594.65,626.42,661.80,661.80,753.15,813.28,895.77,1011.43,1200.65,1554.78,2171.19,3027.79,4235.10,6299.02,--,--,--,--,--,--,--,--,--,--,--,--,--,--,--,--,--,--,--,--,--,--,--,--,--,--,--,--,--,--,--,--,--,--,--,--,--,--,--,--,--,--,--,--,--,--,--,--,--,--,--,--,--,--,--,--,--,--,--,--
DLC,low,2030,new,251.13,257.98,264.92,272.06,279.60,287.09,295.16,303.54,311.89,320.93,329.97,339.79,349.65,360.40,371.22,383.09,395.63,408.36,422.45,436.86,452.27,469.54,487.47,506.97,528.34,551.98,578.41,607.06,607.06,680.35,727.43,787.17,860.53,970.51,1146.59,1512.47,2308.92,3516.23,5580.15,--,--,--,--,--,--,--,--,--,--,--,--,--,--,--,--,--,--,--,--,--,--,--,--,--,--,--,--,--,--,--,--,--,--,--,--,--,--,--,--,--,--,--,--,--,--,--,--,--,--,--,--,--,--,--,--,--,--,--,--
DLC,low,2035,new,235.91,242.53,249.34,256.08,263.33,270.82,278.57,286.27,294.58,303.22,311.84,321.18,330.94,340.72,351.39,362.13,373.90,386.32,399.48,412.88,427.75,443.03,460.14,477.89,497.19,518.30,542.65,568.83,568.83,631.15,671.26,717.91,776.95,857.45,970.12,1171.29,1669.45,2836.80,4900.72,--,--,--,--,--,--,--,--,--,--,--,--,--,--,--,--,--,--,--,--,--,--,--,--,--,--,--,--,--,--,--,--,--,--,--,--,--,--,--,--,--,--,--,--,--,--,--,--,--,--,--,--,--,--,--,--,--,--,--,--
DLC,low,2040,new,225.72,232.10,238.67,245.45,252.43,259.35,266.79,274.48,282.45,290.38,298.95,307.87,317.15,326.44,336.55,347.13,357.79,369.46,382.28,394.81,408.65,423.40,438.55,455.50,473.08,493.00,513.95,537.07,537.07,593.34,627.12,666.92,715.40,774.44,854.93,974.70,1206.08,1970.20,4034.11,--,--,--,--,--,--,--,--,--,--,--,--,--,--,--,--,--,--,--,--,--,--,--,--,--,--,--,--,--,--,--,--,--,--,--,--,--,--,--,--,--,--,--,--,--,--,--,--,--,--,--,--,--,--,--,--,--,--,--,--
DLC,low,2045,new,215.60,221.85,228.28,234.90,241.72,248.75,255.72,263.22,270.98,279.02,287.36,296.03,304.67,314.05,323.84,334.07,344.36,355.61,367.45,379.96,392.67,406.72,421.71,437.12,454.38,473.10,492.67,515.07,515.07,566.79,597.29,632.63,674.62,726.39,793.89,886.09,1038.38,1426.61,3275.80,--,--,--,--,--,--,--,--,--,--,--,--,--,--,--,--,--,--,--,--,--,--,--,--,--,--,--,--,--,--,--,--,--,--,--,--,--,--,--,--,--,--,--,--,--,--,--,--,--,--,--,--,--,--,--,--,--,--,--,--
DLC,low,2050,new,205.47,211.58,217.86,224.31,230.96,237.82,244.89,252.20,259.75,267.24,275.33,283.72,292.44,301.51,310.97,320.84,330.75,341.56,353.39,365.38,378.06,390.95,405.21,420.45,436.81,453.73,472.82,493.71,493.71,541.36,570.26,602.02,640.76,685.57,741.70,816.84,930.91,1141.83,2263.92,--,--,--,--,--,--,--,--,--,--,--,--,--,--,--,--,--,--,--,--,--,--,--,--,--,--,--,--,--,--,--,--,--,--,--,--,--,--,--,--,--,--,--,--,--,--,--,--,--,--,--,--,--,--,--,--,--,--,--,--
DLC,mid,2025,new,131.88,133.93,136.16,138.44,140.63,143.00,145.28,147.61,150.15,152.58,155.24,157.84,160.59,163.27,166.03,168.85,172.15,175.14,178.22,181.39,184.65,188.02,191.50,195.33,199.06,202.91,206.91,211.07,211.07,219.89,224.91,229.50,234.64,240.05,245.34,251.33,257.66,264.39,271.07,278.68,286.40,294.65,303.59,313.91,324.06,335.96,348.33,362.30,378.35,395.81,418.16,443.77,472.03,509.55,558.45,620.79,620.79,706.17,1020.36,1282.76,1731.32,--,--,--,--,--,--,--,--,--,--,--,--,--,--,--,--,--,--,--,--,--,--,--,--,--,--,--,--,--,--,--,--,--,--,--,--,--,--
DLC,mid,2030,new,126.14,127.47,128.82,130.20,131.60,133.03,134.40,135.89,137.41,138.86,140.54,142.16,143.72,145.41,147.14,148.81,150.62,152.49,154.40,156.37,158.26,160.33,162.33,164.66,166.78,169.12,171.38,173.87,173.87,178.95,181.72,184.59,187.40,190.51,193.56,196.74,200.29,204.03,207.71,211.70,215.97,220.33,224.97,229.93,235.61,241.38,247.64,254.49,262.06,269.91,279.38,290.26,302.14,316.35,333.84,355.43,355.43,383.06,493.70,622.78,925.58,--,--,--,--,--,--,--,--,--,--,--,--,--,--,--,--,--,--,--,--,--,--,--,--,--,--,--,--,--,--,--,--,--,--,--,--,--,--
DLC,mid,2035,new,120.76,121.65,122.55,123.52,124.46,125.41,126.31,127.30,128.31,129.33,130.45,131.52,132.57,133.66,134.80,135.96,137.16,138.46,139.63,140.91,142.23,143.58,144.97,146.39,147.86,149.37,150.92,152.44,152.44,155.78,157.66,159.38,161.28,163.24,165.29,167.29,169.51,171.98,174.26,176.81,179.49,182.14,185.13,188.30,191.68,195.30,198.94,203.13,207.40,212.38,217.53,223.66,230.17,238.15,246.97,257.40,257.40,270.07,313.22,359.08,471.83,--,--,--,--,--,--,--,--,--,--,--,--,--,--,--,--,--,--,--,--,--,--,--,--,--,--,--,--,--,--,--,--,--,--,--,--,--,--
DLC,mid,2040,new,115.53,116.14,116.76,117.43,118.08,118.73,119.40,120.08,120.78,121.49,122.25,122.95,123.70,124.47,125.25,126.05,126.87,127.76,128.62,129.51,130.35,131.28,132.23,133.20,134.26,135.30,136.36,137.45,137.45,139.67,140.95,142.19,143.48,144.82,146.12,147.55,149.05,150.72,152.35,154.07,155.75,157.64,159.64,161.75,163.98,166.37,168.93,171.68,174.46,177.68,181.22,185.14,189.54,194.21,199.96,206.33,206.33,214.31,238.62,261.54,313.97,--,--,--,--,--,--,--,--,--,--,--,--,--,--,--,--,--,--,--,--,--,--,--,--,--,--,--,--,--,--,--,--,--,--,--,--,--,--
DLC,mid,2045,new,112.35,112.75,113.16,113.60,114.03,114.46,114.90,115.35,115.80,116.27,116.77,117.26,117.75,118.26,118.78,119.30,119.81,120.39,120.96,121.53,122.13,122.73,123.36,123.99,124.69,125.37,126.06,126.78,126.78,128.23,129.07,129.88,130.72,131.59,132.49,133.43,134.41,135.49,136.49,137.60,138.77,140.00,141.29,142.65,144.19,145.63,147.28,149.04,150.94,153.01,155.12,157.76,160.54,163.62,167.05,171.26,171.26,176.00,191.03,203.57,227.97,--,--,--,--,--,--,--,--,--,--,--,--,--,--,--,--,--,--,--,--,--,--,--,--,--,--,--,--,--,--,--,--,--,--,--,--,--,--
DLC,mid,2050,new,110.12,110.24,110.37,110.51,110.65,110.78,110.92,111.07,111.21,111.36,111.51,111.67,111.82,111.98,112.14,112.31,112.48,112.66,112.84,113.02,113.21,113.40,113.59,113.79,114.01,114.22,114.44,114.66,114.66,115.13,115.39,115.64,115.90,116.18,116.46,116.75,117.05,117.38,117.71,118.05,118.41,118.79,119.18,119.60,120.07,120.54,121.03,121.57,122.14,122.75,123.42,124.20,125.02,125.93,126.96,128.14,128.14,129.54,133.61,136.77,142.16,--,--,--,--,--,--,--,--,--,--,--,--,--,--,--,--,--,--,--,--,--,--,--,--,--,--,--,--,--,--,--,--,--,--,--,--,--,--
RTP,flat,2025,new,131.66,133.33,135.21,137.22,139.16,140.95,142.93,144.94,147.09,149.07,151.19,153.34,155.44,157.78,160.05,162.37,164.54,166.99,169.61,171.92,174.49,177.10,179.78,182.52,185.32,188.19,191.12,194.01,194.01,200.38,203.36,206.69,210.18,213.95,217.28,221.03,224.89,228.89,233.02,237.29,241.72,245.93,250.93,256.08,261.27,266.24,271.89,277.96,284.06,290.64,297.60,304.98,312.80,321.24,330.27,340.03,340.03,349.72,375.15,388.29,404.46,423.13,445.85,472.24,507.08,556.19,640.13,--,--,--,--,--,--,--,--,--,--,--,--,--,--,--,--,--,--,--,--,--,--,--,--,--,--,--,--,--,--,--,--
RTP,flat,2030,new,126.11,127.34,128.58,129.93,131.21,132.51,133.84,135.28,136.65,138.04,139.45,141.00,142.47,143.96,145.60,147.14,148.72,150.33,152.10,153.65,155.49,157.24,159.16,160.85,162.86,164.77,166.88,168.74,168.74,173.06,175.23,177.63,179.92,182.46,184.70,187.39,189.97,192.63,195.39,198.46,201.41,204.48,207.66,211.24,214.70,218.31,222.08,226.35,230.52,234.91,239.91,244.85,250.09,255.69,262.18,268.17,268.17,275.76,292.71,301.52,313.15,325.63,341.57,358.21,383.08,415.66,470.10,--,--,--,--,--,--,--,--,--,--,--,--,--,--,--,--,--,--,--,--,--,--,--,--,--,--,--,--,--,--,--,--
RTP,flat,2035,new,120.82,121.65,122.57,123.56,124.50,125.38,126.35,127.41,128.34,129.36,130.40,131.53,132.53,133.62,134.82,135.95,137.03,138.21,139.50,140.64,141.90,143.18,144.59,145.83,147.20,148.61,150.04,151.52,151.52,154.57,156.16,157.80,159.48,161.33,162.99,164.82,166.71,168.67,170.69,172.78,174.95,177.20,179.54,181.98,184.33,187.16,189.94,192.85,195.91,199.13,202.54,206.15,210.00,214.12,218.53,222.95,222.95,228.50,240.46,246.96,255.45,264.64,274.67,287.76,305.97,330.15,367.37,--,--,--,--,--,--,--,--,--,--,--,--,--,--,--,--,--,--,--,--,--,--,--,--,--,--,--,--,--,--,--,--
RTP,flat,2040,new,115.59,116.23,116.88,117.59,118.27,118.95,119.64,120.40,121.12,121.85,122.64,123.40,124.17,124.95,125.81,126.62,127.45,128.36,129.22,130.10,131.00,131.99,132.93,133.89,134.91,135.94,136.97,138.03,138.03,140.30,141.43,142.60,143.89,145.22,146.41,147.81,149.17,150.57,152.02,153.62,155.17,156.79,158.58,160.32,162.14,164.04,166.16,168.25,170.44,172.74,175.35,177.94,180.69,183.84,187.01,190.42,190.42,194.12,202.96,207.97,214.06,220.64,228.38,237.81,250.86,268.03,296.78,--,--,--,--,--,--,--,--,--,--,--,--,--,--,--,--,--,--,--,--,--,--,--,--,--,--,--,--,--,--,--,--
RTP,flat,2045,new,112.42,112.88,113.37,113.84,114.36,114.84,115.34,115.88,116.39,116.94,117.47,118.05,118.60,119.16,119.76,120.39,120.98,121.58,122.24,122.86,123.50,124.20,124.92,125.55,126.30,127.07,127.80,128.55,128.55,130.22,130.98,131.87,132.79,133.73,134.57,135.58,136.61,137.54,138.64,139.78,140.89,142.03,143.31,144.64,145.84,147.29,148.80,150.28,151.84,153.60,155.46,157.17,159.27,161.51,163.76,166.19,166.19,169.02,175.33,178.90,183.24,187.92,193.42,200.63,209.29,222.36,243.03,--,--,--,--,--,--,--,--,--,--,--,--,--,--,--,--,--,--,--,--,--,--,--,--,--,--,--,--,--,--,--,--
RTP,flat,2050,new,110.29,110.59,110.91,111.24,111.57,111.89,112.23,112.58,112.91,113.27,113.64,114.01,114.37,114.76,115.15,115.55,115.94,116.36,116.78,117.19,117.63,118.09,118.55,119.00,119.48,119.98,120.45,120.98,120.98,122.06,122.59,123.17,123.76,124.37,124.96,125.61,126.28,126.93,127.65,128.39,129.16,129.90,130.73,131.59,132.43,133.37,134.35,135.38,136.40,137.54,138.75,139.94,141.30,142.76,144.33,145.91,145.91,147.74,151.99,154.32,157.13,160.40,163.99,168.69,174.77,183.42,197.09,--,--,--,--,--,--,--,--,--,--,--,--,--,--,--,--,--,--,--,--,--,--,--,--,--,--,--,--,--,--,--,--
RTP,high,2025,new,130.69,131.49,132.28,133.17,133.99,134.82,135.74,136.54,137.36,138.32,139.20,140.19,141.09,142.00,142.94,143.88,144.83,145.90,146.88,147.91,148.89,149.91,151.07,152.13,153.20,154.38,155.43,156.65,156.65,158.96,160.28,161.48,162.67,163.96,165.24,166.68,168.00,169.35,170.75,172.13,173.57,175.19,176.69,178.39,179.88,181.40,183.21,184.89,186.81,188.59,190.39,192.27,194.19,196.16,198.42,200.52,200.52,202.77,207.22,209.88,212.36,214.93,217.84,220.47,223.59,226.62,229.78,233.48,236.98,240.56,244.56,248.68,253.56,258.27,263.32,268.87,274.67,281.12,289.06,297.07,307.21,317.26,328.92,345.47,364.93,392.00,444.17,--,--,--,--,--,--,--,--,--,--,--,--
RTP,high,2030,new,119.45,120.01,120.58,121.15,121.73,122.27,122.92,123.46,124.02,124.69,125.26,125.95,126.54,127.19,127.85,128.45,129.13,129.82,130.51,131.22,131.94,132.60,133.34,134.09,134.79,135.63,136.35,137.22,137.22,138.79,139.64,140.42,141.29,142.18,143.08,144.01,144.95,145.82,146.80,147.80,148.72,149.86,150.83,152.02,153.03,154.07,155.34,156.43,157.65,158.91,160.20,161.53,162.77,164.17,165.62,167.11,167.11,168.51,171.73,173.43,175.19,176.85,178.92,180.72,182.78,184.93,186.98,189.55,191.81,194.43,197.19,200.13,202.96,206.29,209.87,213.74,217.95,222.13,227.69,232.87,239.31,246.76,254.71,266.44,279.05,298.36,331.38,--,--,--,--,--,--,--,--,--,--,--,--
RTP,high,2035,new,108.24,108.57,108.88,109.19,109.50,109.81,110.14,110.46,110.76,111.12,111.46,111.80,112.15,112.50,112.85,113.21,113.58,113.95,114.32,114.74,115.09,115.48,115.92,116.29,116.70,117.15,117.54,118.01,118.01,118.85,119.35,119.81,120.24,120.76,121.25,121.75,122.25,122.77,123.30,123.83,124.38,124.95,125.52,126.16,126.70,127.32,127.97,128.59,129.25,129.93,130.62,131.40,132.07,132.83,133.68,134.41,134.41,135.23,136.97,137.97,138.92,139.81,140.93,141.99,143.00,144.26,145.48,146.75,148.09,149.50,150.99,152.57,154.25,156.04,157.97,160.25,162.32,164.79,167.79,170.58,174.03,178.41,182.71,189.03,196.57,206.03,225.35,--,--,--,--,--,--,--,--,--,--,--,--
RTP,high,2040,new,97.12,97.27,97.41,97.57,97.72,97.87,98.03,98.19,98.33,98.50,98.66,98.83,99.00,99.16,99.34,99.51,99.69,99.86,100.04,100.23,100.42,100.60,100.81,101.00,101.19,101.40,101.59,101.81,101.81,102.23,102.46,102.68,102.90,103.14,103.37,103.61,103.85,104.09,104.36,104.62,104.87,105.16,105.43,105.74,105.99,106.28,106.61,106.91,107.22,107.57,107.90,108.26,108.58,108.94,109.34,109.71,109.71,110.10,110.96,111.43,111.88,112.30,112.83,113.33,113.85,114.45,115.02,115.67,116.30,116.97,117.67,118.41,119.20,120.13,121.04,122.11,123.18,124.35,125.77,127.08,128.70,130.75,132.98,135.96,139.49,144.41,153.71,--,--,--,--,--,--,--,--,--,--,--,--
RTP,high,2045,new,91.05,91.12,91.18,91.24,91.30,91.36,91.43,91.49,91.56,91.63,91.69,91.76,91.83,91.90,91.97,92.04,92.11,92.19,92.27,92.35,92.42,92.50,92.58,92.66,92.74,92.83,92.91,93.00,93.00,93.17,93.27,93.36,93.45,93.55,93.65,93.75,93.85,93.95,94.06,94.16,94.27,94.39,94.50,94.62,94.74,94.86,94.99,95.12,95.25,95.39,95.52,95.67,95.82,95.96,96.13,96.28,96.28,96.44,96.80,96.99,97.18,97.37,97.58,97.79,98.00,98.25,98.48,98.75,99.01,99.29,99.60,99.91,100.24,100.62,100.99,101.43,101.87,102.36,102.94,103.53,104.21,105.06,105.98,107.22,108.68,110.73,114.58,--,--,--,--,--,--,--,--,--,--,--,--
RTP,high,2050,new,85.00,85.00,85.00,85.00,85.00,85.00,85.00,85.00,85.00,85.00,85.00,85.00,85.00,85.00,85.00,85.00,85.00,85.00,85.00,85.00,85.00,85.00,85.00,85.00,85.00,85.00,85.00,85.00,85.00,85.00,85.00,85.00,85.00,85.00,85.00,85.00,85.00,85.00,85.00,85.00,85.00,85.00,85.00,85.00,85.00,85.00,85.00,85.00,85.00,85.00,85.00,85.00,85.00,85.00,85.00,85.00,85.00,85.00,85.00,85.00,85.00,85.00,85.00,85.00,85.00,85.00,85.00,85.00,85.00,85.00,85.00,85.00,85.00,85.00,85.00,85.00,85.00,85.00,85.00,85.00,85.00,85.00,85.00,85.00,85.00,85.00,85.00,--,--,--,--,--,--,--,--,--,--,--,--
RTP,low,2025,new,265.28,271.28,277.11,283.25,289.56,296.20,302.63,309.30,316.50,323.65,330.75,338.61,346.62,354.68,362.88,371.85,380.66,390.31,399.81,409.69,420.56,431.94,442.61,455.03,468.14,481.24,495.07,510.55,510.55,543.79,561.73,581.42,603.26,627.64,652.78,681.65,715.73,753.36,796.89,853.58,925.30,1025.52,1190.84,--,--,--,--,--,--,--,--,--,--,--,--,--,--,--,--,--,--,--,--,--,--,--,--,--,--,--,--,--,--,--,--,--,--,--,--,--,--,--,--,--,--,--,--,--,--,--,--,--,--,--,--,--,--,--,--
RTP,low,2030,new,250.31,256.34,262.11,268.23,274.73,281.06,287.56,294.23,301.45,308.76,315.78,323.67,331.40,339.81,348.07,356.62,365.94,375.14,384.69,394.80,405.53,416.94,427.67,440.17,452.66,466.52,480.45,495.20,495.20,528.55,546.58,566.74,588.29,612.75,637.04,667.14,699.58,739.03,783.41,837.48,910.97,1009.42,1175.08,--,--,--,--,--,--,--,--,--,--,--,--,--,--,--,--,--,--,--,--,--,--,--,--,--,--,--,--,--,--,--,--,--,--,--,--,--,--,--,--,--,--,--,--,--,--,--,--,--,--,--,--,--,--,--,--
RTP,low,2035,new,235.41,241.24,247.11,253.33,259.60,266.04,272.65,279.43,286.41,293.59,300.98,308.61,316.47,324.59,332.98,341.67,350.68,360.18,369.73,379.84,390.37,401.94,412.89,424.96,437.65,451.71,465.16,480.16,480.16,514.05,531.48,551.26,573.87,597.52,622.28,651.32,685.99,724.23,766.99,822.75,896.17,996.74,1156.58,--,--,--,--,--,--,--,--,--,--,--,--,--,--,--,--,--,--,--,--,--,--,--,--,--,--,--,--,--,--,--,--,--,--,--,--,--,--,--,--,--,--,--,--,--,--,--,--,--,--,--,--,--,--,--,--
RTP,low,2040,new,225.51,231.28,237.11,243.12,249.49,256.02,262.41,269.29,276.38,283.67,290.82,298.55,306.53,314.78,322.90,331.73,340.87,350.37,359.77,370.04,380.74,391.94,403.09,415.03,427.64,441.23,454.90,470.11,470.11,503.66,521.39,541.47,563.33,587.30,612.50,642.05,675.60,714.41,758.04,813.99,886.35,988.93,1154.89,--,--,--,--,--,--,--,--,--,--,--,--,--,--,--,--,--,--,--,--,--,--,--,--,--,--,--,--,--,--,--,--,--,--,--,--,--,--,--,--,--,--,--,--,--,--,--,--,--,--,--,--,--,--,--,--
RTP,low,2045,new,215.40,220.92,227.13,233.22,239.75,245.85,252.41,259.48,266.42,273.56,280.92,288.55,296.31,304.38,313.13,321.77,330.73,340.03,349.68,360.22,370.20,381.67,393.13,404.57,417.78,431.09,445.85,460.06,460.06,493.71,511.96,531.67,553.07,576.50,603.68,631.27,665.65,703.61,748.04,803.21,873.60,978.08,1138.48,--,--,--,--,--,--,--,--,--,--,--,--,--,--,--,--,--,--,--,--,--,--,--,--,--,--,--,--,--,--,--,--,--,--,--,--,--,--,--,--,--,--,--,--,--,--,--,--,--,--,--,--,--,--,--,--
RTP,low,2050,new,205.28,211.22,217.02,223.25,229.64,236.20,242.63,249.23,256.33,263.65,270.84,278.60,286.62,294.90,303.07,311.52,320.69,330.22,339.66,349.96,360.71,371.94,382.61,394.90,407.84,421.48,435.25,450.54,450.54,483.46,501.27,521.42,543.35,567.41,592.78,622.48,654.58,693.36,737.06,792.98,865.30,967.79,1134.02,--,--,--,--,--,--,--,--,--,--,--,--,--,--,--,--,--,--,--,--,--,--,--,--,--,--,--,--,--,--,--,--,--,--,--,--,--,--,--,--,--,--,--,--,--,--,--,--,--,--,--,--,--,--,--,--
RTP,mid,2025,new,131.66,133.33,135.21,137.22,139.16,140.95,142.93,144.94,147.09,149.07,151.19,153.34,155.44,157.78,160.05,162.37,164.54,166.99,169.61,171.92,174.49,177.10,179.78,182.52,185.32,188.19,191.12,194.01,194.01,200.38,203.36,206.69,210.18,213.95,217.28,221.03,224.89,228.89,233.02,237.29,241.72,245.93,250.93,256.08,261.27,266.24,271.89,277.96,284.06,290.64,297.60,304.98,312.80,321.24,330.27,340.03,340.03,349.72,375.15,388.29,404.46,423.13,445.85,472.24,507.08,556.19,640.13,--,--,--,--,--,--,--,--,--,--,--,--,--,--,--,--,--,--,--,--,--,--,--,--,--,--,--,--,--,--,--,--
RTP,mid,2030,new,126.11,127.34,128.58,129.93,131.21,132.51,133.84,135.28,136.65,138.04,139.45,141.00,142.47,143.96,145.60,147.14,148.72,150.33,152.10,153.65,155.49,157.24,159.16,160.85,162.86,164.77,166.88,168.74,168.74,173.06,175.23,177.63,179.92,182.46,184.70,187.39,189.97,192.63,195.39,198.46,201.41,204.48,207.66,211.24,214.70,218.31,222.08,226.35,230.52,234.91,239.91,244.85,250.09,255.69,262.18,268.17,268.17,275.76,292.71,301.52,313.15,325.63,341.57,358.21,383.08,415.66,470.10,--,--,--,--,--,--,--,--,--,--,--,--,--,--,--,--,--,--,--,--,--,--,--,--,--,--,--,--,--,--,--,--
RTP,mid,2035,new,120.82,121.65,122.57,123.56,124.50,125.38,126.35,127.41,128.34,129.36,130.40,131.53,132.53,133.62,134.82,135.95,137.03,138.21,139.50,140.64,141.90,143.18,144.59,145.83,147.20,148.61,150.04,151.52,151.52,154.57,156.16,157.80,159.48,161.33,162.99,164.82,166.71,168.67,170.69,172.78,174.95,177.20,179.54,181.98,184.33,187.16,189.94,192.85,195.91,199.13,202.54,206.15,210.00,214.12,218.53,222.95,222.95,228.50,240.46,246.96,255.45,264.64,274.67,287.76,305.97,330.15,367.37,--,--,--,--,--,--,--,--,--,--,--,--,--,--,--,--,--,--,--,--,--,--,--,--,--,--,--,--,--,--,--,--
RTP,mid,2040,new,115.59,116.23,116.88,117.59,118.27,118.95,119.64,120.40,121.12,121.85,122.64,123.40,124.17,124.95,125.81,126.62,127.45,128.36,129.22,130.10,131.00,131.99,132.93,133.89,134.91,135.94,136.97,138.03,138.03,140.30,141.43,142.60,143.89,145.22,146.41,147.81,149.17,150.57,152.02,153.62,155.17,156.79,158.58,160.32,162.14,164.04,166.16,168.25,170.44,172.74,175.35,177.94,180.69,183.84,187.01,190.42,190.42,194.12,202.96,207.97,214.06,220.64,228.38,237.81,250.86,268.03,296.78,--,--,--,--,--,--,--,--,--,--,--,--,--,--,--,--,--,--,--,--,--,--,--,--,--,--,--,--,--,--,--,--
RTP,mid,2045,new,112.42,112.88,113.37,113.84,114.36,114.84,115.34,115.88,116.39,116.94,117.47,118.05,118.60,119.16,119.76,120.39,120.98,121.58,122.24,122.86,123.50,124.20,124.92,125.55,126.30,127.07,127.80,128.55,128.55,130.22,130.98,131.87,132.79,133.73,134.57,135.58,136.61,137.54,138.64,139.78,140.89,142.03,143.31,144.64,145.84,147.29,148.80,150.28,151.84,153.60,155.46,157.17,159.27,161.51,163.76,166.19,166.19,169.02,175.33,178.90,183.24,187.92,193.42,200.63,209.29,222.36,243.03,--,--,--,--,--,--,--,--,--,--,--,--,--,--,--,--,--,--,--,--,--,--,--,--,--,--,--,--,--,--,--,--
RTP,mid,2050,new,110.29,110.59,110.91,111.24,111.57,111.89,112.23,112.58,112.91,113.27,113.64,114.01,114.37,114.76,115.15,115.55,115.94,116.36,116.78,117.19,117.63,118.09,118.55,119.00,119.48,119.98,120.45,120.98,120.98,122.06,122.59,123.17,123.76,124.37,124.96,125.61,126.28,126.93,127.65,128.39,129.16,129.90,130.73,131.59,132.43,133.37,134.35,135.38,136.40,137.54,138.75,139.94,141.30,142.76,144.33,145.91,145.91,147.74,151.99,154.32,157.13,160.40,163.99,168.69,174.77,183.42,197.09,--,--,--,--,--,--,--,--,--,--,--,--,--,--,--,--,--,--,--,--,--,--,--,--,--,--,--,--,--,--,--,--
TOU,flat,2025,new,111.47,111.99,112.59,113.28,114.11,115.11,116.40,118.21,121.32,--,--,--,--,--,--,--,--,--,--,--,--,--,--,--,--,--,--,--,--,--,--,--,--,--,--,--,--,--,--,--,--,--,--,--,--,--,--,--,--,--,--,--,--,--,--,--,--,--,--,--,--,--,--,--,--,--,--,--,--,--,--,--,--,--,--,--,--,--,--,--,--,--,--,--,--,--,--,--,--,--,--,--,--,--,--,--,--,--,--
TOU,flat,2030,new,106.31,106.64,106.99,107.35,107.74,108.14,108.56,109.01,109.48,109.98,110.52,111.10,111.74,112.42,113.17,113.99,114.91,115.96,117.16,118.59,120.34,122.59,125.76,131.18,--,--,--,--,--,--,--,--,--,--,--,--,--,--,--,--,--,--,--,--,--,--,--,--,--,--,--,--,--,--,--,--,--,--,--,--,--,--,--,--,--,--,--,--,--,--,--,--,--,--,--,--,--,--,--,--,--,--,--,--,--,--,--,--,--,--,--,--,--,--,--,--,--,--,--
TOU,flat,2035,new,101.23,101.48,101.73,101.99,102.26,102.53,102.81,103.11,103.41,103.72,104.04,104.37,104.72,105.07,105.45,105.83,106.24,106.66,107.10,107.58,108.07,108.58,109.12,109.70,110.31,110.96,111.67,112.43,112.43,114.16,115.16,116.28,117.54,119.01,120.74,122.85,125.58,129.43,136.01,--,--,--,--,--,--,--,--,--,--,--,--,--,--,--,--,--,--,--,--,--,--,--,--,--,--,--,--,--,--,--,--,--,--,--,--,--,--,--,--,--,--,--,--,--,--,--,--,--,--,--,--,--,--,--,--,--,--,--,--
TOU,flat,2040,new,96.18,96.37,96.58,96.78,96.99,97.20,97.41,97.64,97.87,98.09,98.33,98.57,98.82,99.07,99.33,99.59,99.86,100.15,100.44,100.73,101.03,101.34,101.68,102.01,102.35,102.70,103.06,103.46,103.46,104.26,104.69,105.13,105.61,106.10,106.60,107.14,107.70,108.32,108.95,109.62,110.34,111.11,111.98,112.89,113.88,114.97,116.19,117.65,119.25,121.15,123.46,126.43,130.88,138.15,--,--,--,--,--,--,--,--,--,--,--,--,--,--,--,--,--,--,--,--,--,--,--,--,--,--,--,--,--,--,--,--,--,--,--,--,--,--,--,--,--,--,--,--,--
TOU,flat,2045,new,93.12,93.27,93.41,93.55,93.70,93.84,93.99,94.14,94.30,94.45,94.61,94.78,94.94,95.11,95.29,95.46,95.63,95.81,96.00,96.18,96.37,96.58,96.77,96.97,97.19,97.40,97.61,97.83,97.83,98.30,98.54,98.80,99.04,99.30,99.58,99.85,100.13,100.41,100.73,101.03,101.35,101.70,102.03,102.39,102.78,103.16,103.55,103.96,104.43,104.88,105.36,105.90,106.43,106.99,107.63,108.28,108.28,108.96,110.57,111.46,112.44,113.61,114.85,116.29,118.10,120.19,122.86,126.60,133.52,--,--,--,--,--,--,--,--,--,--,--,--,--,--,--,--,--,--,--,--,--,--,--,--,--,--,--,--,--,--
TOU,flat,2050,new,91.10,91.20,91.32,91.42,91.54,91.64,91.76,91.87,92.00,92.11,92.23,92.35,92.48,92.60,92.73,92.86,93.00,93.12,93.27,93.40,93.55,93.68,93.83,93.98,94.13,94.28,94.44,94.60,94.60,94.92,95.10,95.27,95.45,95.62,95.81,95.99,96.19,96.38,96.59,96.81,97.01,97.24,97.45,97.69,97.92,98.17,98.41,98.68,98.93,99.22,99.49,99.80,100.09,100.42,100.73,101.09,101.09,101.43,102.19,102.62,103.03,103.50,103.96,104.49,105.00,105.60,106.20,106.90,107.59,108.42,109.27,110.29,111.36,112.70,114.16,116.10,118.40,121.91,127.39,--,--,--,--,--,--,--,--,--,--,--,--,--,--,--,--,--,--,--,--
TOU,high,2025,new,158.87,163.22,167.60,172.04,176.52,181.05,185.62,190.25,194.92,199.65,204.43,209.27,214.16,219.10,224.11,229.17,234.29,239.48,244.73,250.04,255.42,260.87,266.39,271.98,277.65,283.39,289.21,295.11,295.11,307.16,313.31,319.56,325.89,332.32,338.85,345.48,352.22,359.06,366.01,373.08,380.27,387.58,395.01,402.58,410.29,418.13,426.12,434.27,442.57,451.89,460.54,469.37,478.39,487.60,497.01,506.64,506.64,516.49,536.89,547.46,558.31,569.43,580.86,592.59,604.66,617.07,629.86,643.04,656.64,670.68,685.20,700.23,715.81,731.98,748.77,766.26,784.49,803.53,823.45,844.35,866.32,889.48,913.96,939.93,967.57,997.12,1028.86,1063.15,1100.41,1141.24,1186.37,1236.81,1294.01,1360.03,1438.12,1533.70,1656.92,1830.59,2127.47
TOU,high,2030,new,70.46,70.97,71.48,72.00,72.53,73.06,73.60,74.15,74.70,75.25,75.82,76.38,76.96,77.54,78.13,78.73,79.33,79.94,80.56,81.18,81.81,82.46,83.10,83.76,84.43,85.10,85.79,86.48,86.48,87.90,88.63,89.36,90.11,90.86,91.63,92.41,93.20,94.01,94.83,95.66,96.50,97.36,98.24,99.13,100.03,100.96,101.90,102.85,103.83,104.93,105.95,106.98,108.05,109.13,110.24,111.37,111.37,112.53,114.93,116.17,117.45,118.76,120.10,121.48,122.90,124.36,125.87,127.42,129.02,130.67,132.38,134.15,135.98,137.88,139.86,141.91,144.06,146.30,148.64,151.10,153.68,156.41,159.29,162.34,165.60,169.07,172.81,176.84,181.23,186.03,191.34,197.27,204.00,211.77,220.96,232.20,246.70,267.13,302.06
TOU,high,2035,new,60.46,60.97,61.48,62.00,62.53,63.06,63.60,64.15,64.70,65.25,65.82,66.38,66.96,67.54,68.13,68.73,69.33,69.94,70.56,71.18,71.81,72.46,73.10,73.76,74.43,75.10,75.79,76.48,76.48,77.90,78.63,79.36,80.11,80.86,81.63,82.41,83.20,84.01,84.83,85.66,86.50,87.36,88.24,89.13,90.03,90.96,91.90,92.85,93.83,94.93,95.95,96.98,98.05,99.13,100.24,101.37,101.37,102.53,104.93,106.17,107.45,108.76,110.10,111.48,112.90,114.36,115.87,117.42,119.02,120.67,122.38,124.15,125.98,127.88,129.86,131.91,134.06,136.30,138.64,141.10,143.68,146.41,149.29,152.34,155.60,159.07,162.81,166.84,171.23,176.03,181.34,187.27,194.00,201.77,210.96,222.20,236.70,257.13,292.06
TOU,high,2040,new,50.46,50.97,51.48,52.00,52.53,53.06,53.60,54.15,54.70,55.25,55.82,56.38,56.96,57.54,58.13,58.73,59.33,59.94,60.56,61.18,61.81,62.46,63.10,63.76,64.43,65.10,65.79,66.48,66.48,67.90,68.63,69.36,70.11,70.86,71.63,72.41,73.20,74.01,74.83,75.66,76.50,77.36,78.24,79.13,80.03,80.96,81.90,82.85,83.83,84.93,85.95,86.98,88.05,89.13,90.24,91.37,91.37,92.53,94.93,96.17,97.45,98.76,100.10,101.48,102.90,104.36,105.87,107.42,109.02,110.67,112.38,114.15,115.98,117.88,119.86,121.91,124.06,126.30,128.64,131.10,133.68,136.41,139.29,142.34,145.60,149.07,152.81,156.84,161.23,166.03,171.34,177.27,184.00,191.77,200.96,212.20,226.70,247.13,282.06
TOU,high,2045,new,45.46,45.97,46.48,47.00,47.53,48.06,48.60,49.15,49.70,50.25,50.82,51.38,51.96,52.54,53.13,53.73,54.33,54.94,55.56,56.18,56.81,57.46,58.10,58.76,59.43,60.10,60.79,61.48,61.48,62.90,63.63,64.36,65.11,65.86,66.63,67.41,68.20,69.01,69.83,70.66,71.50,72.36,73.24,74.13,75.03,75.96,76.90,77.85,78.83,79.93,80.95,81.98,83.05,84.13,85.24,86.37,86.37,87.53,89.93,91.17,92.45,93.76,95.10,96.48,97.90,99.36,100.87,102.42,104.02,105.67,107.38,109.15,110.98,112.88,114.86,116.91,119.06,121.30,123.64,126.10,128.68,131.41,134.29,137.34,140.60,144.07,147.81,151.84,156.23,161.03,166.34,172.27,179.00,186.77,195.96,207.20,221.70,242.13,277.06
TOU,high,2050,new,31.05,31.10,31.15,31.20,31.25,31.31,31.36,31.41,31.47,31.53,31.58,31.64,31.70,31.75,31.81,31.87,31.93,31.99,32.06,32.12,32.18,32.25,32.31,32.38,32.44,32.51,32.58,32.65,32.65,32.79,32.86,32.94,33.01,33.09,33.16,33.24,33.32,33.40,33.48,33.57,33.65,33.74,33.82,33.91,34.00,34.10,34.19,34.29,34.38,34.49,34.59,34.70,34.80,34.91,35.02,35.14,35.14,35.25,35.49,35.62,35.74,35.88,36.01,36.15,36.29,36.44,36.59,36.74,36.90,37.07,37.24,37.41,37.60,37.79,37.99,38.19,38.41,38.63,38.86,39.11,39.37,39.64,39.93,40.23,40.56,40.91,41.28,41.68,42.12,42.60,43.13,43.73,44.40,45.18,46.10,47.22,48.67,50.71,54.21
TOU,low,2025,new,199.94,212.82,231.06,262.13,--,--,--,--,--,--,--,--,--,--,--,--,--,--,--,--,--,--,--,--,--,--,--,--,--,--,--,--,--,--,--,--,--,--,--,--,--,--,--,--,--,--,--,--,--,--,--,--,--,--,--,--,--,--,--,--,--,--,--,--,--,--,--,--,--,--,--,--,--,--,--,--,--,--,--,--,--,--,--,--,--,--,--,--,--,--,--,--,--,--,--,--,--,--,--
TOU,low,2030,new,189.94,202.82,221.06,252.13,--,--,--,--,--,--,--,--,--,--,--,--,--,--,--,--,--,--,--,--,--,--,--,--,--,--,--,--,--,--,--,--,--,--,--,--,--,--,--,--,--,--,--,--,--,--,--,--,--,--,--,--,--,--,--,--,--,--,--,--,--,--,--,--,--,--,--,--,--,--,--,--,--,--,--,--,--,--,--,--,--,--,--,--,--,--,--,--,--,--,--,--,--,--,--
TOU,low,2035,new,179.94,192.82,211.06,242.13,--,--,--,--,--,--,--,--,--,--,--,--,--,--,--,--,--,--,--,--,--,--,--,--,--,--,--,--,--,--,--,--,--,--,--,--,--,--,--,--,--,--,--,--,--,--,--,--,--,--,--,--,--,--,--,--,--,--,--,--,--,--,--,--,--,--,--,--,--,--,--,--,--,--,--,--,--,--,--,--,--,--,--,--,--,--,--,--,--,--,--,--,--,--,--
TOU,low,2040,new,169.94,182.82,201.06,232.13,--,--,--,--,--,--,--,--,--,--,--,--,--,--,--,--,--,--,--,--,--,--,--,--,--,--,--,--,--,--,--,--,--,--,--,--,--,--,--,--,--,--,--,--,--,--,--,--,--,--,--,--,--,--,--,--,--,--,--,--,--,--,--,--,--,--,--,--,--,--,--,--,--,--,--,--,--,--,--,--,--,--,--,--,--,--,--,--,--,--,--,--,--,--,--
TOU,low,2045,new,164.94,177.82,196.06,227.13,--,--,--,--,--,--,--,--,--,--,--,--,--,--,--,--,--,--,--,--,--,--,--,--,--,--,--,--,--,--,--,--,--,--,--,--,--,--,--,--,--,--,--,--,--,--,--,--,--,--,--,--,--,--,--,--,--,--,--,--,--,--,--,--,--,--,--,--,--,--,--,--,--,--,--,--,--,--,--,--,--,--,--,--,--,--,--,--,--,--,--,--,--,--,--
TOU,low,2050,new,159.94,172.82,191.06,222.13,--,--,--,--,--,--,--,--,--,--,--,--,--,--,--,--,--,--,--,--,--,--,--,--,--,--,--,--,--,--,--,--,--,--,--,--,--,--,--,--,--,--,--,--,--,--,--,--,--,--,--,--,--,--,--,--,--,--,--,--,--,--,--,--,--,--,--,--,--,--,--,--,--,--,--,--,--,--,--,--,--,--,--,--,--,--,--,--,--,--,--,--,--,--,--
TOU,mid,2025,new,111.47,111.99,112.59,113.28,114.11,115.11,116.40,118.21,121.32,--,--,--,--,--,--,--,--,--,--,--,--,--,--,--,--,--,--,--,--,--,--,--,--,--,--,--,--,--,--,--,--,--,--,--,--,--,--,--,--,--,--,--,--,--,--,--,--,--,--,--,--,--,--,--,--,--,--,--,--,--,--,--,--,--,--,--,--,--,--,--,--,--,--,--,--,--,--,--,--,--,--,--,--,--,--,--,--,--,--
TOU,mid,2030,new,106.31,106.64,106.99,107.35,107.74,108.14,108.56,109.01,109.48,109.98,110.52,111.10,111.74,112.42,113.17,113.99,114.91,115.96,117.16,118.59,120.34,122.59,125.76,131.18,--,--,--,--,--,--,--,--,--,--,--,--,--,--,--,--,--,--,--,--,--,--,--,--,--,--,--,--,--,--,--,--,--,--,--,--,--,--,--,--,--,--,--,--,--,--,--,--,--,--,--,--,--,--,--,--,--,--,--,--,--,--,--,--,--,--,--,--,--,--,--,--,--,--,--
TOU,mid,2035,new,101.23,101.48,101.73,101.99,102.26,102.53,102.81,103.11,103.41,103.72,104.04,104.37,104.72,105.07,105.45,105.83,106.24,106.66,107.10,107.58,108.07,108.58,109.12,109.70,110.31,110.96,111.67,112.43,112.43,114.16,115.16,116.28,117.54,119.01,120.74,122.85,125.58,129.43,136.01,--,--,--,--,--,--,--,--,--,--,--,--,--,--,--,--,--,--,--,--,--,--,--,--,--,--,--,--,--,--,--,--,--,--,--,--,--,--,--,--,--,--,--,--,--,--,--,--,--,--,--,--,--,--,--,--,--,--,--,--
TOU,mid,2040,new,96.18,96.37,96.58,96.78,96.99,97.20,97.41,97.64,97.87,98.09,98.33,98.57,98.82,99.07,99.33,99.59,99.86,100.15,100.44,100.73,101.03,101.34,101.68,102.01,102.35,102.70,103.06,103.46,103.46,104.26,104.69,105.13,105.61,106.10,106.60,107.14,107.70,108.32,108.95,109.62,110.34,111.11,111.98,112.89,113.88,114.97,116.19,117.65,119.25,121.15,123.46,126.43,130.88,138.15,--,--,--,--,--,--,--,--,--,--,--,--,--,--,--,--,--,--,--,--,--,--,--,--,--,--,--,--,--,--,--,--,--,--,--,--,--,--,--,--,--,--,--,--,--
TOU,mid,2045,new,93.12,93.27,93.41,93.55,93.70,93.84,93.99,94.14,94.30,94.45,94.61,94.78,94.94,95.11,95.29,95.46,95.63,95.81,96.00,96.18,96.37,96.58,96.77,96.97,97.19,97.40,97.61,97.83,97.83,98.30,98.54,98.80,99.04,99.30,99.58,99.85,100.13,100.41,100.73,101.03,101.35,101.70,102.03,102.39,102.78,103.16,103.55,103.96,104.43,104.88,105.36,105.90,106.43,106.99,107.63,108.28,108.28,108.96,110.57,111.46,112.44,113.61,114.85,116.29,118.10,120.19,122.86,126.60,133.52,--,--,--,--,--,--,--,--,--,--,--,--,--,--,--,--,--,--,--,--,--,--,--,--,--,--,--,--,--,--
TOU,mid,2050,new,91.10,91.20,91.32,91.42,91.54,91.64,91.76,91.87,92.00,92.11,92.23,92.35,92.48,92.60,92.73,92.86,93.00,93.12,93.27,93.40,93.55,93.68,93.83,93.98,94.13,94.28,94.44,94.60,94.60,94.92,95.10,95.27,95.45,95.62,95.81,95.99,96.19,96.38,96.59,96.81,97.01,97.24,97.45,97.69,97.92,98.17,98.41,98.68,98.93,99.22,99.49,99.80,100.09,100.42,100.73,101.09,101.09,101.43,102.19,102.62,103.03,103.50,103.96,104.49,105.00,105.60,106.20,106.90,107.59,108.42,109.27,110.29,111.36,112.70,114.16,116.10,118.40,121.91,127.39,--,--,--,--,--,--,--,--,--,--,--,--,--,--,--,--,--,--,--,--
DLC,flat,2025,recurring,71.61,73.38,75.18,77.01,78.88,80.77,82.85,84.82,86.83,88.87,90.95,93.07,95.24,97.45,99.71,102.01,104.36,106.77,109.43,111.95,114.53,117.18,119.90,122.68,125.54,128.48,131.50,134.60,134.60,141.10,144.76,148.28,151.92,155.68,159.58,163.63,167.84,172.21,176.77,181.53,186.51,191.74,197.23,203.47,209.61,216.12,223.04,230.44,238.39,246.97,256.29,266.50,277.77,290.36,304.62,322.42,322.42,342.09,397.18,440.92,515.68,--,--,--,--,--,--,--,--,--,--,--,--,--,--,--,--,--,--,--,--,--,--,--,--,--,--,--,--,--,--,--,--,--,--,--,--,--,--
DLC,flat,2030,recurring,66.14,67.30,68.56,69.76,71.07,72.31,73.67,74.95,76.36,77.69,79.15,80.54,82.06,83.51,85.09,86.71,88.25,89.94,91.55,93.32,95.01,96.86,98.64,100.59,102.46,104.52,106.50,108.68,108.68,113.08,115.47,117.77,120.32,122.78,125.52,128.16,131.11,133.97,137.17,140.29,143.79,147.21,151.06,154.85,159.14,163.39,168.24,173.43,178.63,184.65,190.76,197.93,205.32,214.17,223.54,235.12,235.12,247.89,284.76,315.11,363.11,--,--,--,--,--,--,--,--,--,--,--,--,--,--,--,--,--,--,--,--,--,--,--,--,--,--,--,--,--,--,--,--,--,--,--,--,--,--
DLC,flat,2035,recurring,60.76,61.65,62.49,63.35,64.28,65.17,66.07,67.05,67.99,68.95,69.99,70.98,71.99,73.10,74.15,75.23,76.41,77.54,78.69,79.95,81.16,82.40,83.75,85.06,86.39,87.86,89.27,90.73,90.73,93.87,95.57,97.21,98.92,100.79,102.62,104.51,106.61,108.66,110.80,113.18,115.52,117.96,120.71,123.43,126.29,129.54,132.78,136.24,140.21,144.23,148.60,153.70,158.99,164.90,172.05,179.80,179.80,188.93,215.37,235.62,272.87,--,--,--,--,--,--,--,--,--,--,--,--,--,--,--,--,--,--,--,--,--,--,--,--,--,--,--,--,--,--,--,--,--,--,--,--,--,--
DLC,flat,2040,recurring,55.56,56.14,56.76,57.39,58.00,58.65,59.32,59.96,60.65,61.35,62.03,62.76,63.51,64.22,65.00,65.80,66.56,67.39,68.25,69.06,69.95,70.87,71.75,72.71,73.70,74.65,75.69,76.76,76.76,78.94,80.12,81.25,82.51,83.73,85.07,86.47,87.83,89.34,90.92,92.46,94.18,95.99,97.77,99.76,101.88,103.98,106.37,108.93,111.50,114.46,117.68,120.99,124.88,129.25,133.88,139.57,139.57,146.33,164.69,179.77,203.74,--,--,--,--,--,--,--,--,--,--,--,--,--,--,--,--,--,--,--,--,--,--,--,--,--,--,--,--,--,--,--,--,--,--,--,--,--,--
DLC,flat,2045,recurring,52.37,52.78,53.16,53.58,54.00,54.43,54.87,55.32,55.75,56.21,56.68,57.17,57.66,58.16,58.65,59.17,59.71,60.25,60.81,61.35,61.94,62.54,63.16,63.79,64.44,65.07,65.76,66.46,66.46,67.94,68.72,69.47,70.29,71.15,72.04,72.96,73.86,74.85,75.89,76.97,78.11,79.30,80.47,81.79,83.18,84.66,86.24,87.81,89.62,91.57,93.69,96.02,98.59,101.28,104.53,108.29,108.29,112.74,125.26,134.53,151.25,--,--,--,--,--,--,--,--,--,--,--,--,--,--,--,--,--,--,--,--,--,--,--,--,--,--,--,--,--,--,--,--,--,--,--,--,--,--
DLC,flat,2050,recurring,50.12,50.24,50.37,50.51,50.65,50.78,50.92,51.07,51.21,51.36,51.51,51.67,51.82,51.98,52.14,52.31,52.48,52.66,52.84,53.02,53.21,53.40,53.59,53.79,54.01,54.22,54.44,54.66,54.66,55.13,55.39,55.64,55.90,56.18,56.46,56.75,57.05,57.38,57.71,58.05,58.41,58.79,59.18,59.60,60.07,60.54,61.03,61.57,62.14,62.75,63.42,64.20,65.02,65.93,66.96,68.14,68.14,69.54,73.61,76.77,82.16,--,--,--,--,--,--,--,--,--,--,--,--,--,--,--,--,--,--,--,--,--,--,--,--,--,--,--,--,--,--,--,--,--,--,--,--,--,--
DLC,high,2025,recurring,70.68,71.44,72.21,73.06,73.85,74.65,75.47,76.29,77.12,77.97,78.91,79.79,80.67,81.57,82.48,83.40,84.34,85.30,86.36,87.35,88.35,89.37,90.41,91.47,92.54,93.74,94.86,96.00,96.00,98.34,99.54,100.77,102.15,103.44,104.75,106.09,107.46,108.87,110.30,111.92,113.44,114.99,116.58,118.21,119.89,121.62,123.40,125.42,127.32,129.27,131.30,133.39,135.56,137.81,140.38,142.82,142.82,145.36,150.79,153.70,156.75,160.30,163.72,167.34,171.20,175.31,179.73,184.50,189.67,195.92,202.23,209.27,217.24,226.42,237.25,250.45,269.34,293.87,335.79,--,--,--,--,--,--,--,--,--,--,--,--,--,--,--,--,--,--,--,--
DLC,high,2030,recurring,59.47,60.00,60.53,61.07,61.57,62.12,62.68,63.25,63.82,64.41,65.00,65.60,66.21,66.78,67.41,68.05,68.69,69.35,70.02,70.70,71.40,72.10,72.76,73.48,74.23,74.98,75.75,76.54,76.54,78.15,78.98,79.76,80.63,81.51,82.42,83.34,84.29,85.26,86.25,87.27,88.22,89.29,90.39,91.52,92.68,93.87,95.10,96.37,97.57,98.91,100.31,101.75,103.25,104.80,106.42,108.10,108.10,109.85,113.44,115.45,117.56,119.78,122.14,124.64,127.30,130.14,132.94,136.23,139.80,143.72,148.05,152.90,158.41,164.78,172.33,180.74,192.48,209.01,237.28,--,--,--,--,--,--,--,--,--,--,--,--,--,--,--,--,--,--,--,--
DLC,high,2035,recurring,48.25,48.52,48.80,49.10,49.38,49.67,49.96,50.26,50.55,50.86,51.19,51.50,51.82,52.14,52.47,52.80,53.14,53.48,53.86,54.21,54.57,54.94,55.31,55.69,56.07,56.50,56.90,57.31,57.31,58.14,58.58,59.02,59.51,59.97,60.44,60.92,61.41,61.91,62.43,63.00,63.54,64.10,64.67,65.26,65.86,66.48,67.12,67.83,68.51,69.21,69.94,70.69,71.46,72.27,73.18,74.05,74.05,74.97,76.91,77.96,79.05,80.30,81.53,82.83,84.21,85.69,87.27,88.98,90.84,93.04,95.30,97.83,100.69,103.98,107.87,112.61,119.28,128.05,143.05,--,--,--,--,--,--,--,--,--,--,--,--,--,--,--,--,--,--,--,--
DLC,high,2040,recurring,37.11,37.24,37.36,37.49,37.61,37.74,37.87,38.00,38.13,38.28,38.41,38.56,38.70,38.84,38.99,39.13,39.29,39.44,39.59,39.76,39.92,40.09,40.25,40.42,40.60,40.77,40.94,41.14,41.14,41.52,41.70,41.90,42.11,42.31,42.53,42.74,42.96,43.19,43.42,43.67,43.90,44.14,44.41,44.67,44.93,45.22,45.50,45.81,46.11,46.41,46.76,47.08,47.45,47.80,48.17,48.58,48.58,48.98,49.86,50.31,50.83,51.34,51.87,52.48,53.08,53.78,54.47,55.21,56.09,56.98,58.05,59.15,60.39,61.95,63.65,65.72,68.61,72.38,79.44,--,--,--,--,--,--,--,--,--,--,--,--,--,--,--,--,--,--,--,--
DLC,high,2045,recurring,31.04,31.09,31.14,31.18,31.23,31.28,31.33,31.38,31.43,31.48,31.53,31.58,31.64,31.69,31.75,31.80,31.86,31.91,31.98,32.03,32.10,32.15,32.22,32.28,32.35,32.41,32.48,32.55,32.55,32.69,32.77,32.84,32.92,32.99,33.07,33.15,33.24,33.32,33.41,33.50,33.59,33.69,33.78,33.88,33.98,34.09,34.19,34.30,34.41,34.54,34.65,34.79,34.91,35.05,35.19,35.34,35.34,35.49,35.82,36.00,36.18,36.38,36.58,36.80,37.03,37.29,37.54,37.84,38.14,38.50,38.86,39.30,39.77,40.34,40.97,41.80,42.79,44.30,46.66,--,--,--,--,--,--,--,--,--,--,--,--,--,--,--,--,--,--,--,--
DLC,high,2050,recurring,25.00,25.00,25.00,25.00,25.00,25.00,25.00,25.00,25.00,25.00,25.00,25.00,25.00,25.00,25.00,25.00,25.00,25.00,25.00,25.00,25.00,25.00,25.00,25.00,25.00,25.00,25.00,25.00,25.00,25.00,25.00,25.00,25.00,25.00,25.00,25.00,25.00,25.00,25.00,25.00,25.00,25.00,25.00,25.00,25.00,25.00,25.00,25.00,25.00,25.00,25.00,25.00,25.00,25.00,25.00,25.00,25.00,25.00,25.00,25.00,25.00,25.00,25.00,25.00,25.00,25.00,25.00,25.00,25.00,25.00,25.00,25.00,25.00,25.00,25.00,25.00,25.00,25.00,25.00,--,--,--,--,--,--,--,--,--,--,--,--,--,--,--,--,--,--,--,--
DLC,low,2025,recurring,145.30,151.31,157.19,163.22,169.43,176.13,182.71,189.49,196.48,204.06,211.53,219.26,227.67,235.99,244.63,253.62,263.46,273.26,283.50,294.79,306.10,318.02,330.60,344.63,358.86,374.05,390.36,408.87,408.87,449.04,473.42,499.42,528.85,562.75,604.93,654.21,717.54,806.27,966.58,--,--,--,--,--,--,--,--,--,--,--,--,--,--,--,--,--,--,--,--,--,--,--,--,--,--,--,--,--,--,--,--,--,--,--,--,--,--,--,--,--,--,--,--,--,--,--,--,--,--,--,--,--,--,--,--,--,--,--,--
DLC,low,2030,recurring,130.32,136.32,142.20,148.24,154.45,161.14,167.72,174.50,181.50,189.07,196.54,204.28,212.68,221.00,229.65,238.64,248.47,258.27,268.52,279.79,291.11,303.03,315.62,329.63,343.86,359.07,375.39,393.87,393.87,434.06,458.41,484.42,513.87,547.79,589.91,639.21,702.58,791.40,951.44,--,--,--,--,--,--,--,--,--,--,--,--,--,--,--,--,--,--,--,--,--,--,--,--,--,--,--,--,--,--,--,--,--,--,--,--,--,--,--,--,--,--,--,--,--,--,--,--,--,--,--,--,--,--,--,--,--,--,--,--
DLC,low,2035,recurring,115.39,121.19,127.14,133.25,139.53,146.00,152.65,159.52,166.60,173.91,181.47,189.29,197.40,205.81,214.56,223.66,233.14,243.05,253.42,264.79,276.25,288.32,301.09,314.63,329.04,344.45,361.00,378.87,378.87,419.59,443.12,469.42,499.24,533.67,574.38,624.21,688.46,779.01,933.80,--,--,--,--,--,--,--,--,--,--,--,--,--,--,--,--,--,--,--,--,--,--,--,--,--,--,--,--,--,--,--,--,--,--,--,--,--,--,--,--,--,--,--,--,--,--,--,--,--,--,--,--,--,--,--,--,--,--,--,--
DLC,low,2040,recurring,105.47,111.33,117.08,123.26,129.61,136.15,142.59,149.53,156.69,164.08,171.73,179.30,187.50,196.01,204.86,213.67,223.26,233.29,243.78,254.79,265.86,278.05,290.94,304.63,318.55,334.10,350.81,368.87,368.87,409.10,432.84,459.42,489.59,522.85,563.89,614.21,679.28,766.57,921.36,--,--,--,--,--,--,--,--,--,--,--,--,--,--,--,--,--,--,--,--,--,--,--,--,--,--,--,--,--,--,--,--,--,--,--,--,--,--,--,--,--,--,--,--,--,--,--,--,--,--,--,--,--,--,--,--,--,--,--,--
DLC,low,2045,recurring,95.35,101.34,107.24,113.29,119.51,126.19,132.79,139.59,146.60,154.17,161.66,169.41,177.45,186.15,194.82,203.84,213.24,223.49,233.77,244.55,255.88,268.35,280.99,294.39,308.64,324.55,340.94,358.63,358.63,399.83,423.14,449.18,478.66,514.23,554.62,603.97,667.42,761.18,915.98,--,--,--,--,--,--,--,--,--,--,--,--,--,--,--,--,--,--,--,--,--,--,--,--,--,--,--,--,--,--,--,--,--,--,--,--,--,--,--,--,--,--,--,--,--,--,--,--,--,--,--,--,--,--,--,--,--,--,--,--
DLC,low,2050,recurring,85.47,91.33,97.09,103.27,109.62,116.16,122.60,129.54,136.70,144.09,151.74,159.32,167.51,176.02,184.87,193.69,203.28,213.30,223.79,234.79,245.88,258.06,270.95,284.63,298.57,314.11,330.82,348.87,348.87,389.12,412.86,439.42,469.58,502.88,543.91,594.21,659.24,746.67,901.46,--,--,--,--,--,--,--,--,--,--,--,--,--,--,--,--,--,--,--,--,--,--,--,--,--,--,--,--,--,--,--,--,--,--,--,--,--,--,--,--,--,--,--,--,--,--,--,--,--,--,--,--,--,--,--,--,--,--,--,--
DLC,mid,2025,recurring,71.61,73.38,75.18,77.01,78.88,80.77,82.85,84.82,86.83,88.87,90.95,93.07,95.24,97.45,99.71,102.01,104.36,106.77,109.43,111.95,114.53,117.18,119.90,122.68,125.54,128.48,131.50,134.60,134.60,141.10,144.76,148.28,151.92,155.68,159.58,163.63,167.84,172.21,176.77,181.53,186.51,191.74,197.23,203.47,209.61,216.12,223.04,230.44,238.39,246.97,256.29,266.50,277.77,290.36,304.62,322.42,322.42,342.09,397.18,440.92,515.68,--,--,--,--,--,--,--,--,--,--,--,--,--,--,--,--,--,--,--,--,--,--,--,--,--,--,--,--,--,--,--,--,--,--,--,--,--,--
DLC,mid,2030,recurring,66.14,67.30,68.56,69.76,71.07,72.31,73.67,74.95,76.36,77.69,79.15,80.54,82.06,83.51,85.09,86.71,88.25,89.94,91.55,93.32,95.01,96.86,98.64,100.59,102.46,104.52,106.50,108.68,108.68,113.08,115.47,117.77,120.32,122.78,125.52,128.16,131.11,133.97,137.17,140.29,143.79,147.21,151.06,154.85,159.14,163.39,168.24,173.43,178.63,184.65,190.76,197.93,205.32,214.17,223.54,235.12,235.12,247.89,284.76,315.11,363.11,--,--,--,--,--,--,--,--,--,--,--,--,--,--,--,--,--,--,--,--,--,--,--,--,--,--,--,--,--,--,--,--,--,--,--,--,--,--
DLC,mid,2035,recurring,60.76,61.65,62.49,63.35,64.28,65.17,66.07,67.05,67.99,68.95,69.99,70.98,71.99,73.10,74.15,75.23,76.41,77.54,78.69,79.95,81.16,82.40,83.75,85.06,86.39,87.86,89.27,90.73,90.73,93.87,95.57,97.21,98.92,100.79,102.62,104.51,106.61,108.66,110.80,113.18,115.52,117.96,120.71,123.43,126.29,129.54,132.78,136.24,140.21,144.23,148.60,153.70,158.99,164.90,172.05,179.80,179.80,188.93,215.37,235.62,272.87,--,--,--,--,--,--,--,--,--,--,--,--,--,--,--,--,--,--,--,--,--,--,--,--,--,--,--,--,--,--,--,--,--,--,--,--,--,--
DLC,mid,2040,recurring,55.56,56.14,56.76,57.39,58.00,58.65,59.32,59.96,60.65,61.35,62.03,62.76,63.51,64.22,65.00,65.80,66.56,67.39,68.25,69.06,69.95,70.87,71.75,72.71,73.70,74.65,75.69,76.76,76.76,78.94,80.12,81.25,82.51,83.73,85.07,86.47,87.83,89.34,90.92,92.46,94.18,95.99,97.77,99.76,101.88,103.98,106.37,108.93,111.50,114.46,117.68,120.99,124.88,129.25,133.88,139.57,139.57,146.33,164.69,179.77,203.74,--,--,--,--,--,--,--,--,--,--,--,--,--,--,--,--,--,--,--,--,--,--,--,--,--,--,--,--,--,--,--,--,--,--,--,--,--,--
DLC,mid,2045,recurring,52.37,52.78,53.16,53.58,54.00,54.43,54.87,55.32,55.75,56.21,56.68,57.17,57.66,58.16,58.65,59.17,59.71,60.25,60.81,61.35,61.94,62.54,63.16,63.79,64.44,65.07,65.76,66.46,66.46,67.94,68.72,69.47,70.29,71.15,72.04,72.96,73.86,74.85,75.89,76.97,78.11,79.30,80.47,81.79,83.18,84.66,86.24,87.81,89.62,91.57,93.69,96.02,98.59,101.28,104.53,108.29,108.29,112.74,125.26,134.53,151.25,--,--,--,--,--,--,--,--,--,--,--,--,--,--,--,--,--,--,--,--,--,--,--,--,--,--,--,--,--,--,--,--,--,--,--,--,--,--
DLC,mid,2050,recurring,50.12,50.24,50.37,50.51,50.65,50.78,50.92,51.07,51.21,51.36,51.51,51.67,51.82,51.98,52.14,52.31,52.48,52.66,52.84,53.02,53.21,53.40,53.59,53.79,54.01,54.22,54.44,54.66,54.66,55.13,55.39,55.64,55.90,56.18,56.46,56.75,57.05,57.38,57.71,58.05,58.41,58.79,59.18,59.60,60.07,60.54,61.03,61.57,62.14,62.75,63.42,64.20,65.02,65.93,66.96,68.14,68.14,69.54,73.61,76.77,82.16,--,--,--,--,--,--,--,--,--,--,--,--,--,--,--,--,--,--,--,--,--,--,--,--,--,--,--,--,--,--,--,--,--,--,--,--,--,--
RTP,flat,2025,recurring,71.66,73.49,75.35,77.24,79.16,81.11,82.93,84.94,86.99,89.07,91.19,93.34,95.54,97.78,100.05,102.37,104.74,107.16,109.62,112.13,114.49,117.10,119.78,122.52,125.32,128.19,131.12,134.13,134.13,140.38,143.63,146.98,150.41,153.95,157.28,161.03,164.89,168.89,173.02,177.29,181.72,186.32,191.10,196.08,201.27,206.70,212.37,217.82,224.06,230.64,237.60,244.98,252.83,261.24,270.27,280.03,280.03,290.64,315.15,329.56,345.91,363.13,385.21,412.24,447.08,496.19,580.13,--,--,--,--,--,--,--,--,--,--,--,--,--,--,--,--,--,--,--,--,--,--,--,--,--,--,--,--,--,--,--,--
RTP,flat,2030,recurring,66.11,67.43,68.67,69.93,71.21,72.62,73.94,75.28,76.65,78.15,79.56,81.00,82.47,84.07,85.60,87.14,88.72,90.46,92.10,93.78,95.49,97.38,99.16,100.99,102.86,104.92,106.88,108.89,108.89,113.23,115.40,117.63,119.92,122.46,124.89,127.39,129.97,132.84,135.60,138.46,141.41,144.72,147.91,151.24,154.70,158.59,162.38,166.35,170.52,175.26,179.91,184.85,190.09,196.14,202.18,208.69,208.69,215.76,232.71,242.30,253.15,266.67,281.57,299.76,323.08,358.79,416.25,--,--,--,--,--,--,--,--,--,--,--,--,--,--,--,--,--,--,--,--,--,--,--,--,--,--,--,--,--,--,--,--
RTP,flat,2035,recurring,60.82,61.72,62.63,63.56,64.50,65.45,66.42,67.41,68.41,69.43,70.47,71.53,72.60,73.70,74.82,75.95,77.11,78.29,79.50,80.73,81.99,83.27,84.59,85.93,87.30,88.71,90.15,91.62,91.62,94.69,96.28,97.92,99.60,101.33,102.99,104.82,106.71,108.67,110.69,112.78,114.95,117.20,119.54,121.98,124.51,127.16,129.94,132.85,135.91,139.13,142.54,146.15,150.00,154.12,158.53,163.31,163.31,168.50,180.46,187.49,195.45,204.64,215.51,228.82,245.97,270.15,311.48,--,--,--,--,--,--,--,--,--,--,--,--,--,--,--,--,--,--,--,--,--,--,--,--,--,--,--,--,--,--,--,--
RTP,flat,2040,recurring,55.59,56.28,56.93,57.59,58.27,59.00,59.69,60.40,61.17,61.90,62.64,63.40,64.23,65.01,65.81,66.62,67.51,68.36,69.22,70.17,71.07,71.99,72.93,73.95,74.94,75.94,77.05,78.10,78.10,80.30,81.52,82.69,83.89,85.22,86.50,87.81,89.17,90.67,92.12,93.62,95.17,96.90,98.58,100.32,102.27,104.18,106.16,108.25,110.60,112.91,115.35,118.13,120.89,123.84,127.01,130.67,130.67,134.40,142.96,148.35,154.06,160.64,168.99,178.57,190.86,208.03,239.78,--,--,--,--,--,--,--,--,--,--,--,--,--,--,--,--,--,--,--,--,--,--,--,--,--,--,--,--,--,--,--,--
RTP,flat,2045,recurring,52.42,52.91,53.37,53.88,54.36,54.88,55.37,55.88,56.42,56.94,57.51,58.05,58.64,59.20,59.76,60.39,60.98,61.62,62.24,62.91,63.55,64.20,64.92,65.60,66.35,67.07,67.86,68.61,68.61,70.22,71.04,71.93,72.79,73.73,74.64,75.58,76.61,77.61,78.71,79.78,80.89,82.12,83.31,84.64,85.94,87.38,88.80,90.28,91.95,93.60,95.46,97.31,99.41,101.51,103.76,106.37,106.37,109.02,115.33,119.17,123.24,127.92,133.85,140.63,150.01,162.36,185.20,--,--,--,--,--,--,--,--,--,--,--,--,--,--,--,--,--,--,--,--,--,--,--,--,--,--,--,--,--,--,--,--
RTP,flat,2050,recurring,50.29,50.59,50.91,51.24,51.57,51.89,52.23,52.58,52.91,53.27,53.64,54.01,54.37,54.76,55.15,55.55,55.94,56.36,56.78,57.19,57.63,58.09,58.55,59.00,59.48,59.98,60.45,60.98,60.98,62.06,62.59,63.17,63.76,64.37,64.96,65.61,66.28,66.93,67.65,68.39,69.16,69.90,70.73,71.59,72.43,73.37,74.35,75.38,76.40,77.54,78.75,79.94,81.30,82.76,84.33,85.91,85.91,87.74,91.99,94.32,97.13,100.40,103.99,108.69,114.77,123.42,137.09,--,--,--,--,--,--,--,--,--,--,--,--,--,--,--,--,--,--,--,--,--,--,--,--,--,--,--,--,--,--,--,--
RTP,high,2025,recurring,70.69,71.48,72.37,73.17,73.99,74.82,75.75,76.59,77.45,78.32,79.20,80.19,81.09,82.01,82.94,83.88,84.94,85.90,86.88,87.88,89.00,90.03,91.07,92.13,93.20,94.41,95.52,96.65,96.65,98.96,100.28,101.48,102.71,103.96,105.38,106.68,108.00,109.35,110.73,112.29,113.73,115.19,116.69,118.39,119.96,121.57,123.21,124.89,126.81,128.59,130.40,132.27,134.19,136.39,138.42,140.52,140.52,142.68,147.48,149.88,152.36,154.93,157.90,160.69,163.59,166.62,169.78,173.48,176.98,180.67,184.56,189.15,193.56,198.27,203.32,208.77,215.36,221.87,229.06,237.07,246.13,257.79,270.27,285.47,304.93,335.78,384.17,--,--,--,--,--,--,--,--,--,--,--,--
RTP,high,2030,recurring,59.50,60.06,60.58,61.15,61.73,62.32,62.92,63.46,64.07,64.69,65.32,65.95,66.54,67.19,67.85,68.51,69.19,69.88,70.51,71.22,71.94,72.67,73.41,74.09,74.86,75.63,76.42,77.22,77.22,78.79,79.64,80.49,81.37,82.18,83.08,84.01,84.95,85.91,86.80,87.80,88.82,89.86,90.93,92.02,93.03,94.17,95.34,96.54,97.77,98.91,100.20,101.53,102.90,104.30,105.62,107.11,107.11,108.65,111.89,113.43,115.19,117.02,118.92,120.91,122.78,124.93,127.19,129.55,132.04,134.43,137.19,140.13,143.26,146.61,150.21,153.74,157.95,162.57,167.69,173.42,179.31,186.76,195.59,206.44,220.51,238.36,271.38,--,--,--,--,--,--,--,--,--,--,--,--
RTP,high,2035,recurring,48.27,48.57,48.88,49.19,49.50,49.82,50.14,50.46,50.79,51.12,51.46,51.80,52.15,52.50,52.88,53.25,53.61,53.98,54.36,54.74,55.13,55.52,55.92,56.32,56.73,57.15,57.58,58.01,58.01,58.89,59.35,59.81,60.28,60.76,61.25,61.75,62.25,62.77,63.30,63.83,64.38,64.95,65.52,66.16,66.76,67.38,68.01,68.65,69.31,69.99,70.69,71.40,72.14,72.90,73.68,74.48,74.48,75.31,77.05,77.97,78.92,79.90,80.93,81.99,83.10,84.26,85.48,86.75,88.09,89.50,90.99,92.57,94.25,96.21,98.15,100.25,102.53,105.03,107.79,110.87,114.37,118.41,123.19,129.03,136.57,147.19,165.35,--,--,--,--,--,--,--,--,--,--,--,--
RTP,high,2040,recurring,37.13,37.28,37.43,37.57,37.72,37.88,38.03,38.19,38.34,38.51,38.67,38.83,39.00,39.18,39.34,39.51,39.69,39.88,40.05,40.23,40.42,40.62,40.81,41.00,41.21,41.40,41.60,41.81,41.81,42.24,42.46,42.68,42.92,43.14,43.37,43.61,43.87,44.11,44.36,44.62,44.90,45.16,45.43,45.74,46.02,46.31,46.61,46.94,47.25,47.57,47.90,48.26,48.61,48.97,49.34,49.75,49.75,50.14,50.96,51.43,51.88,52.34,52.83,53.37,53.90,54.45,55.07,55.67,56.30,56.97,57.74,58.48,59.28,60.13,61.12,62.11,63.18,64.35,65.77,67.22,68.86,70.75,73.20,75.96,79.49,84.41,93.71,--,--,--,--,--,--,--,--,--,--,--,--
RTP,high,2045,recurring,31.05,31.12,31.18,31.24,31.30,31.36,31.43,31.49,31.56,31.63,31.69,31.76,31.83,31.90,31.97,32.04,32.11,32.19,32.27,32.35,32.42,32.50,32.58,32.66,32.74,32.83,32.91,33.00,33.00,33.17,33.27,33.36,33.45,33.55,33.65,33.75,33.85,33.95,34.06,34.16,34.27,34.39,34.50,34.62,34.74,34.86,34.99,35.12,35.25,35.39,35.52,35.67,35.82,35.96,36.13,36.28,36.28,36.44,36.80,36.99,37.18,37.37,37.58,37.79,38.00,38.25,38.48,38.75,39.01,39.29,39.60,39.91,40.24,40.62,40.99,41.43,41.87,42.36,42.94,43.53,44.21,45.06,45.98,47.22,48.68,50.73,54.58,--,--,--,--,--,--,--,--,--,--,--,--
RTP,high,2050,recurring,25.00,25.00,25.00,25.00,25.00,25.00,25.00,25.00,25.00,25.00,25.00,25.00,25.00,25.00,25.00,25.00,25.00,25.00,25.00,25.00,25.00,25.00,25.00,25.00,25.00,25.00,25.00,25.00,25.00,25.00,25.00,25.00,25.00,25.00,25.00,25.00,25.00,25.00,25.00,25.00,25.00,25.00,25.00,25.00,25.00,25.00,25.00,25.00,25.00,25.00,25.00,25.00,25.00,25.00,25.00,25.00,25.00,25.00,25.00,25.00,25.00,25.00,25.00,25.00,25.00,25.00,25.00,25.00,25.00,25.00,25.00,25.00,25.00,25.00,25.00,25.00,25.00,25.00,25.00,25.00,25.00,25.00,25.00,25.00,25.00,25.00,25.00,--,--,--,--,--,--,--,--,--,--,--,--
RTP,low,2025,recurring,145.26,151.28,157.11,163.43,169.56,176.20,182.67,189.30,196.50,203.52,211.16,218.61,226.73,234.68,242.88,251.85,260.66,270.31,279.81,290.25,300.56,311.94,323.21,335.03,348.14,361.24,375.86,390.55,390.55,423.79,441.73,462.19,483.26,507.64,533.18,563.33,595.73,633.01,679.58,733.58,807.19,905.52,1084.25,--,--,--,--,--,--,--,--,--,--,--,--,--,--,--,--,--,--,--,--,--,--,--,--,--,--,--,--,--,--,--,--,--,--,--,--,--,--,--,--,--,--,--,--,--,--,--,--,--,--,--,--,--,--,--,--
RTP,low,2030,recurring,130.31,136.34,142.22,148.23,154.73,161.06,167.56,174.58,181.45,188.51,196.17,203.67,211.40,219.81,228.07,236.62,245.94,255.14,264.69,275.16,285.53,296.94,308.28,320.17,333.33,346.52,360.45,376.00,376.00,408.55,427.57,447.10,468.29,492.75,518.46,547.14,581.41,619.03,663.41,720.68,790.97,889.42,1067.80,--,--,--,--,--,--,--,--,--,--,--,--,--,--,--,--,--,--,--,--,--,--,--,--,--,--,--,--,--,--,--,--,--,--,--,--,--,--,--,--,--,--,--,--,--,--,--,--,--,--,--,--,--,--,--,--
RTP,low,2035,recurring,115.41,121.24,127.21,133.33,139.60,146.04,152.65,159.43,166.41,173.59,180.98,188.61,196.47,204.59,212.98,221.67,230.68,240.02,249.73,259.84,270.37,281.94,293.48,305.58,318.30,331.71,345.89,360.93,360.93,394.05,412.44,432.29,453.87,477.52,503.65,532.87,565.99,604.23,649.45,704.80,776.17,876.74,1048.68,--,--,--,--,--,--,--,--,--,--,--,--,--,--,--,--,--,--,--,--,--,--,--,--,--,--,--,--,--,--,--,--,--,--,--,--,--,--,--,--,--,--,--,--,--,--,--,--,--,--,--,--,--,--,--,--
RTP,low,2040,recurring,105.51,111.15,117.21,123.42,129.80,136.02,142.73,149.63,156.38,163.67,171.18,178.55,186.53,194.78,203.32,211.73,220.87,230.37,239.77,250.04,260.74,271.94,283.09,295.36,308.27,321.23,335.60,350.86,350.86,383.66,402.31,422.47,443.33,467.30,493.83,522.05,555.60,594.41,638.04,693.99,766.35,868.93,1034.89,--,--,--,--,--,--,--,--,--,--,--,--,--,--,--,--,--,--,--,--,--,--,--,--,--,--,--,--,--,--,--,--,--,--,--,--,--,--,--,--,--,--,--,--,--,--,--,--,--,--,--,--,--,--,--,--
RTP,low,2045,recurring,95.40,101.20,107.13,113.51,119.75,126.15,132.73,139.48,146.42,153.56,161.27,168.86,176.69,184.77,193.13,201.77,210.73,220.03,230.15,240.22,250.71,261.67,273.13,285.15,297.78,311.74,325.85,340.80,340.80,373.71,391.96,411.67,434.14,457.68,483.68,512.73,545.65,583.61,628.44,683.21,757.50,858.08,1030.02,--,--,--,--,--,--,--,--,--,--,--,--,--,--,--,--,--,--,--,--,--,--,--,--,--,--,--,--,--,--,--,--,--,--,--,--,--,--,--,--,--,--,--,--,--,--,--,--,--,--,--,--,--,--,--,--
RTP,low,2050,recurring,85.54,91.22,97.30,103.25,109.64,116.20,122.63,129.54,136.66,143.65,151.19,158.60,166.62,174.90,183.07,191.93,200.69,210.22,220.12,229.96,240.71,251.94,263.15,275.47,287.84,301.48,315.92,330.54,330.54,363.46,382.16,402.38,423.35,447.41,472.78,502.48,536.21,573.36,619.35,675.85,745.30,847.79,1014.02,--,--,--,--,--,--,--,--,--,--,--,--,--,--,--,--,--,--,--,--,--,--,--,--,--,--,--,--,--,--,--,--,--,--,--,--,--,--,--,--,--,--,--,--,--,--,--,--,--,--,--,--,--,--,--,--
RTP,mid,2025,recurring,71.66,73.49,75.35,77.24,79.16,81.11,82.93,84.94,86.99,89.07,91.19,93.34,95.54,97.78,100.05,102.37,104.74,107.16,109.62,112.13,114.49,117.10,119.78,122.52,125.32,128.19,131.12,134.13,134.13,140.38,143.63,146.98,150.41,153.95,157.28,161.03,164.89,168.89,173.02,177.29,181.72,186.32,191.10,196.08,201.27,206.70,212.37,217.82,224.06,230.64,237.60,244.98,252.83,261.24,270.27,280.03,280.03,290.64,315.15,329.56,345.91,363.13,385.21,412.24,447.08,496.19,580.13,--,--,--,--,--,--,--,--,--,--,--,--,--,--,--,--,--,--,--,--,--,--,--,--,--,--,--,--,--,--,--,--
RTP,mid,2030,recurring,66.11,67.43,68.67,69.93,71.21,72.62,73.94,75.28,76.65,78.15,79.56,81.00,82.47,84.07,85.60,87.14,88.72,90.46,92.10,93.78,95.49,97.38,99.16,100.99,102.86,104.92,106.88,108.89,108.89,113.23,115.40,117.63,119.92,122.46,124.89,127.39,129.97,132.84,135.60,138.46,141.41,144.72,147.91,151.24,154.70,158.59,162.38,166.35,170.52,175.26,179.91,184.85,190.09,196.14,202.18,208.69,208.69,215.76,232.71,242.30,253.15,266.67,281.57,299.76,323.08,358.79,416.25,--,--,--,--,--,--,--,--,--,--,--,--,--,--,--,--,--,--,--,--,--,--,--,--,--,--,--,--,--,--,--,--
RTP,mid,2035,recurring,60.82,61.72,62.63,63.56,64.50,65.45,66.42,67.41,68.41,69.43,70.47,71.53,72.60,73.70,74.82,75.95,77.11,78.29,79.50,80.73,81.99,83.27,84.59,85.93,87.30,88.71,90.15,91.62,91.62,94.69,96.28,97.92,99.60,101.33,102.99,104.82,106.71,108.67,110.69,112.78,114.95,117.20,119.54,121.98,124.51,127.16,129.94,132.85,135.91,139.13,142.54,146.15,150.00,154.12,158.53,163.31,163.31,168.50,180.46,187.49,195.45,204.64,215.51,228.82,245.97,270.15,311.48,--,--,--,--,--,--,--,--,--,--,--,--,--,--,--,--,--,--,--,--,--,--,--,--,--,--,--,--,--,--,--,--
RTP,mid,2040,recurring,55.59,56.28,56.93,57.59,58.27,59.00,59.69,60.40,61.17,61.90,62.64,63.40,64.23,65.01,65.81,66.62,67.51,68.36,69.22,70.17,71.07,71.99,72.93,73.95,74.94,75.94,77.05,78.10,78.10,80.30,81.52,82.69,83.89,85.22,86.50,87.81,89.17,90.67,92.12,93.62,95.17,96.90,98.58,100.32,102.27,104.18,106.16,108.25,110.60,112.91,115.35,118.13,120.89,123.84,127.01,130.67,130.67,134.40,142.96,148.35,154.06,160.64,168.99,178.57,190.86,208.03,239.78,--,--,--,--,--,--,--,--,--,--,--,--,--,--,--,--,--,--,--,--,--,--,--,--,--,--,--,--,--,--,--,--
RTP,mid,2045,recurring,52.42,52.91,53.37,53.88,54.36,54.88,55.37,55.88,56.42,56.94,57.51,58.05,58.64,59.20,59.76,60.39,60.98,61.62,62.24,62.91,63.55,64.20,64.92,65.60,66.35,67.07,67.86,68.61,68.61,70.22,71.04,71.93,72.79,73.73,74.64,75.58,76.61,77.61,78.71,79.78,80.89,82.12,83.31,84.64,85.94,87.38,88.80,90.28,91.95,93.60,95.46,97.31,99.41,101.51,103.76,106.37,106.37,109.02,115.33,119.17,123.24,127.92,133.85,140.63,150.01,162.36,185.20,--,--,--,--,--,--,--,--,--,--,--,--,--,--,--,--,--,--,--,--,--,--,--,--,--,--,--,--,--,--,--,--
RTP,mid,2050,recurring,50.29,50.59,50.91,51.24,51.57,51.89,52.23,52.58,52.91,53.27,53.64,54.01,54.37,54.76,55.15,55.55,55.94,56.36,56.78,57.19,57.63,58.09,58.55,59.00,59.48,59.98,60.45,60.98,60.98,62.06,62.59,63.17,63.76,64.37,64.96,65.61,66.28,66.93,67.65,68.39,69.16,69.90,70.73,71.59,72.43,73.37,74.35,75.38,76.40,77.54,78.75,79.94,81.30,82.76,84.33,85.91,85.91,87.74,91.99,94.32,97.13,100.40,103.99,108.69,114.77,123.42,137.09,--,--,--,--,--,--,--,--,--,--,--,--,--,--,--,--,--,--,--,--,--,--,--,--,--,--,--,--,--,--,--,--
TOU,flat,2025,recurring,61.47,61.99,62.59,63.28,64.11,65.11,66.40,68.21,71.32,--,--,--,--,--,--,--,--,--,--,--,--,--,--,--,--,--,--,--,--,--,--,--,--,--,--,--,--,--,--,--,--,--,--,--,--,--,--,--,--,--,--,--,--,--,--,--,--,--,--,--,--,--,--,--,--,--,--,--,--,--,--,--,--,--,--,--,--,--,--,--,--,--,--,--,--,--,--,--,--,--,--,--,--,--,--,--,--,--,--
TOU,flat,2030,recurring,56.31,56.64,56.99,57.35,57.74,58.14,58.56,59.01,59.48,59.98,60.52,61.10,61.74,62.42,63.17,63.99,64.91,65.96,67.16,68.59,70.34,72.59,75.76,81.18,--,--,--,--,--,--,--,--,--,--,--,--,--,--,--,--,--,--,--,--,--,--,--,--,--,--,--,--,--,--,--,--,--,--,--,--,--,--,--,--,--,--,--,--,--,--,--,--,--,--,--,--,--,--,--,--,--,--,--,--,--,--,--,--,--,--,--,--,--,--,--,--,--,--,--
TOU,flat,2035,recurring,51.23,51.48,51.73,51.99,52.26,52.53,52.81,53.11,53.41,53.72,54.04,54.37,54.72,55.07,55.45,55.83,56.24,56.66,57.10,57.58,58.07,58.58,59.12,59.70,60.31,60.96,61.67,62.43,62.43,64.16,65.16,66.28,67.54,69.01,70.74,72.85,75.58,79.43,86.01,--,--,--,--,--,--,--,--,--,--,--,--,--,--,--,--,--,--,--,--,--,--,--,--,--,--,--,--,--,--,--,--,--,--,--,--,--,--,--,--,--,--,--,--,--,--,--,--,--,--,--,--,--,--,--,--,--,--,--,--
TOU,flat,2040,recurring,46.18,46.37,46.58,46.78,46.99,47.20,47.41,47.64,47.87,48.09,48.33,48.57,48.82,49.07,49.33,49.59,49.86,50.15,50.44,50.73,51.03,51.34,51.68,52.01,52.35,52.70,53.06,53.46,53.46,54.26,54.69,55.13,55.61,56.10,56.60,57.14,57.70,58.32,58.95,59.62,60.34,61.11,61.98,62.89,63.88,64.97,66.19,67.65,69.25,71.15,73.46,76.43,80.88,88.15,--,--,--,--,--,--,--,--,--,--,--,--,--,--,--,--,--,--,--,--,--,--,--,--,--,--,--,--,--,--,--,--,--,--,--,--,--,--,--,--,--,--,--,--,--
TOU,flat,2045,recurring,43.12,43.27,43.41,43.55,43.70,43.84,43.99,44.14,44.30,44.45,44.61,44.78,44.94,45.11,45.29,45.46,45.63,45.81,46.00,46.18,46.37,46.58,46.77,46.97,47.19,47.40,47.61,47.83,47.83,48.30,48.54,48.80,49.04,49.30,49.58,49.85,50.13,50.41,50.73,51.03,51.35,51.70,52.03,52.39,52.78,53.16,53.55,53.96,54.43,54.88,55.36,55.90,56.43,56.99,57.63,58.28,58.28,58.96,60.57,61.46,62.44,63.61,64.85,66.29,68.10,70.19,72.86,76.60,83.52,--,--,--,--,--,--,--,--,--,--,--,--,--,--,--,--,--,--,--,--,--,--,--,--,--,--,--,--,--,--
TOU,flat,2050,recurring,41.10,41.20,41.32,41.42,41.54,41.64,41.76,41.87,42.00,42.11,42.23,42.35,42.48,42.60,42.73,42.86,43.00,43.12,43.27,43.40,43.55,43.68,43.83,43.98,44.13,44.28,44.44,44.60,44.60,44.92,45.10,45.27,45.45,45.62,45.81,45.99,46.19,46.38,46.59,46.81,47.01,47.24,47.45,47.69,47.92,48.17,48.41,48.68,48.93,49.22,49.49,49.80,50.09,50.42,50.73,51.09,51.09,51.43,52.19,52.62,53.03,53.50,53.96,54.49,55.00,55.60,56.20,56.90,57.59,58.42,59.27,60.29,61.36,62.70,64.16,66.10,68.40,71.91,77.39,--,--,--,--,--,--,--,--,--,--,--,--,--,--,--,--,--,--,--,--
TOU,high,2025,recurring,148.87,153.22,157.60,162.04,166.52,171.05,175.62,180.25,184.92,189.65,194.43,199.27,204.16,209.10,214.11,219.17,224.29,229.48,234.73,240.04,245.42,250.87,256.39,261.98,267.65,273.39,279.21,285.11,285.11,297.16,303.31,309.56,315.89,322.32,328.85,335.48,342.22,349.06,356.01,363.08,370.27,377.58,385.01,392.58,400.29,408.13,416.12,424.27,432.57,441.89,450.54,459.37,468.39,477.60,487.01,496.64,496.64,506.49,526.89,537.46,548.31,559.43,570.86,582.59,594.66,607.07,619.86,633.04,646.64,660.68,675.20,690.23,705.81,721.98,738.77,756.26,774.49,793.53,813.45,834.35,856.32,879.48,903.96,929.93,957.57,987.12,1018.86,1053.15,1090.41,1131.24,1176.37,1226.81,1284.01,1350.03,1428.12,1523.70,1646.92,1820.59,2117.47
TOU,high,2030,recurring,60.46,60.97,61.48,62.00,62.53,63.06,63.60,64.15,64.70,65.25,65.82,66.38,66.96,67.54,68.13,68.73,69.33,69.94,70.56,71.18,71.81,72.46,73.10,73.76,74.43,75.10,75.79,76.48,76.48,77.90,78.63,79.36,80.11,80.86,81.63,82.41,83.20,84.01,84.83,85.66,86.50,87.36,88.24,89.13,90.03,90.96,91.90,92.85,93.83,94.93,95.95,96.98,98.05,99.13,100.24,101.37,101.37,102.53,104.93,106.17,107.45,108.76,110.10,111.48,112.90,114.36,115.87,117.42,119.02,120.67,122.38,124.15,125.98,127.88,129.86,131.91,134.06,136.30,138.64,141.10,143.68,146.41,149.29,152.34,155.60,159.07,162.81,166.84,171.23,176.03,181.34,187.27,194.00,201.77,210.96,222.20,236.70,257.13,292.06
TOU,high,2035,recurring,50.46,50.97,51.48,52.00,52.53,53.06,53.60,54.15,54.70,55.25,55.82,56.38,56.96,57.54,58.13,58.73,59.33,59.94,60.56,61.18,61.81,62.46,63.10,63.76,64.43,65.10,65.79,66.48,66.48,67.90,68.63,69.36,70.11,70.86,71.63,72.41,73.20,74.01,74.83,75.66,76.50,77.36,78.24,79.13,80.03,80.96,81.90,82.85,83.83,84.93,85.95,86.98,88.05,89.13,90.24,91.37,91.37,92.53,94.93,96.17,97.45,98.76,100.10,101.48,102.90,104.36,105.87,107.42,109.02,110.67,112.38,114.15,115.98,117.88,119.86,121.91,124.06,126.30,128.64,131.10,133.68,136.41,139.29,142.34,145.60,149.07,152.81,156.84,161.23,166.03,171.34,177.27,184.00,191.77,200.96,212.20,226.70,247.13,282.06
TOU,high,2040,recurring,40.46,40.97,41.48,42.00,42.53,43.06,43.60,44.15,44.70,45.25,45.82,46.38,46.96,47.54,48.13,48.73,49.33,49.94,50.56,51.18,51.81,52.46,53.10,53.76,54.43,55.10,55.79,56.48,56.48,57.90,58.63,59.36,60.11,60.86,61.63,62.41,63.20,64.01,64.83,65.66,66.50,67.36,68.24,69.13,70.03,70.96,71.90,72.85,73.83,74.93,75.95,76.98,78.05,79.13,80.24,81.37,81.37,82.53,84.93,86.17,87.45,88.76,90.10,91.48,92.90,94.36,95.87,97.42,99.02,100.67,102.38,104.15,105.98,107.88,109.86,111.91,114.06,116.30,118.64,121.10,123.68,126.41,129.29,132.34,135.60,139.07,142.81,146.84,151.23,156.03,161.34,167.27,174.00,181.77,190.96,202.20,216.70,237.13,272.06
TOU,high,2045,recurring,35.46,35.97,36.48,37.00,37.53,38.06,38.60,39.15,39.70,40.25,40.82,41.38,41.96,42.54,43.13,43.73,44.33,44.94,45.56,46.18,46.81,47.46,48.10,48.76,49.43,50.10,50.79,51.48,51.48,52.90,53.63,54.36,55.11,55.86,56.63,57.41,58.20,59.01,59.83,60.66,61.50,62.36,63.24,64.13,65.03,65.96,66.90,67.85,68.83,69.93,70.95,71.98,73.05,74.13,75.24,76.37,76.37,77.53,79.93,81.17,82.45,83.76,85.10,86.48,87.90,89.36,90.87,92.42,94.02,95.67,97.38,99.15,100.98,102.88,104.86,106.91,109.06,111.30,113.64,116.10,118.68,121.41,124.29,127.34,130.60,134.07,137.81,141.84,146.23,151.03,156.34,162.27,169.00,176.77,185.96,197.20,211.70,232.13,267.06
TOU,high,2050,recurring,21.05,21.10,21.15,21.20,21.25,21.31,21.36,21.41,21.47,21.53,21.58,21.64,21.70,21.75,21.81,21.87,21.93,21.99,22.06,22.12,22.18,22.25,22.31,22.38,22.44,22.51,22.58,22.65,22.65,22.79,22.86,22.94,23.01,23.09,23.16,23.24,23.32,23.40,23.48,23.57,23.65,23.74,23.82,23.91,24.00,24.10,24.19,24.29,24.38,24.49,24.59,24.70,24.80,24.91,25.02,25.14,25.14,25.25,25.49,25.62,25.74,25.88,26.01,26.15,26.29,26.44,26.59,26.74,26.90,27.07,27.24,27.41,27.60,27.79,27.99,28.19,28.41,28.63,28.86,29.11,29.37,29.64,29.93,30.23,30.56,30.91,31.28,31.68,32.12,32.60,33.13,33.73,34.40,35.18,36.10,37.22,38.67,40.71,44.21
TOU,low,2025,recurring,79.94,92.82,111.06,142.13,--,--,--,--,--,--,--,--,--,--,--,--,--,--,--,--,--,--,--,--,--,--,--,--,--,--,--,--,--,--,--,--,--,--,--,--,--,--,--,--,--,--,--,--,--,--,--,--,--,--,--,--,--,--,--,--,--,--,--,--,--,--,--,--,--,--,--,--,--,--,--,--,--,--,--,--,--,--,--,--,--,--,--,--,--,--,--,--,--,--,--,--,--,--,--
TOU,low,2030,recurring,69.94,82.82,101.06,132.13,--,--,--,--,--,--,--,--,--,--,--,--,--,--,--,--,--,--,--,--,--,--,--,--,--,--,--,--,--,--,--,--,--,--,--,--,--,--,--,--,--,--,--,--,--,--,--,--,--,--,--,--,--,--,--,--,--,--,--,--,--,--,--,--,--,--,--,--,--,--,--,--,--,--,--,--,--,--,--,--,--,--,--,--,--,--,--,--,--,--,--,--,--,--,--
TOU,low,2035,recurring,59.94,72.82,91.06,122.13,--,--,--,--,--,--,--,--,--,--,--,--,--,--,--,--,--,--,--,--,--,--,--,--,--,--,--,--,--,--,--,--,--,--,--,--,--,--,--,--,--,--,--,--,--,--,--,--,--,--,--,--,--,--,--,--,--,--,--,--,--,--,--,--,--,--,--,--,--,--,--,--,--,--,--,--,--,--,--,--,--,--,--,--,--,--,--,--,--,--,--,--,--,--,--
TOU,low,2040,recurring,49.94,62.82,81.06,112.13,--,--,--,--,--,--,--,--,--,--,--,--,--,--,--,--,--,--,--,--,--,--,--,--,--,--,--,--,--,--,--,--,--,--,--,--,--,--,--,--,--,--,--,--,--,--,--,--,--,--,--,--,--,--,--,--,--,--,--,--,--,--,--,--,--,--,--,--,--,--,--,--,--,--,--,--,--,--,--,--,--,--,--,--,--,--,--,--,--,--,--,--,--,--,--
TOU,low,2045,recurring,44.94,57.82,76.06,107.13,--,--,--,--,--,--,--,--,--,--,--,--,--,--,--,--,--,--,--,--,--,--,--,--,--,--,--,--,--,--,--,--,--,--,--,--,--,--,--,--,--,--,--,--,--,--,--,--,--,--,--,--,--,--,--,--,--,--,--,--,--,--,--,--,--,--,--,--,--,--,--,--,--,--,--,--,--,--,--,--,--,--,--,--,--,--,--,--,--,--,--,--,--,--,--
TOU,low,2050,recurring,39.94,52.82,71.06,102.13,--,--,--,--,--,--,--,--,--,--,--,--,--,--,--,--,--,--,--,--,--,--,--,--,--,--,--,--,--,--,--,--,--,--,--,--,--,--,--,--,--,--,--,--,--,--,--,--,--,--,--,--,--,--,--,--,--,--,--,--,--,--,--,--,--,--,--,--,--,--,--,--,--,--,--,--,--,--,--,--,--,--,--,--,--,--,--,--,--,--,--,--,--,--,--
TOU,mid,2025,recurring,61.47,61.99,62.59,63.28,64.11,65.11,66.40,68.21,71.32,--,--,--,--,--,--,--,--,--,--,--,--,--,--,--,--,--,--,--,--,--,--,--,--,--,--,--,--,--,--,--,--,--,--,--,--,--,--,--,--,--,--,--,--,--,--,--,--,--,--,--,--,--,--,--,--,--,--,--,--,--,--,--,--,--,--,--,--,--,--,--,--,--,--,--,--,--,--,--,--,--,--,--,--,--,--,--,--,--,--
TOU,mid,2030,recurring,56.31,56.64,56.99,57.35,57.74,58.14,58.56,59.01,59.48,59.98,60.52,61.10,61.74,62.42,63.17,63.99,64.91,65.96,67.16,68.59,70.34,72.59,75.76,81.18,--,--,--,--,--,--,--,--,--,--,--,--,--,--,--,--,--,--,--,--,--,--,--,--,--,--,--,--,--,--,--,--,--,--,--,--,--,--,--,--,--,--,--,--,--,--,--,--,--,--,--,--,--,--,--,--,--,--,--,--,--,--,--,--,--,--,--,--,--,--,--,--,--,--,--
TOU,mid,2035,recurring,51.23,51.48,51.73,51.99,52.26,52.53,52.81,53.11,53.41,53.72,54.04,54.37,54.72,55.07,55.45,55.83,56.24,56.66,57.10,57.58,58.07,58.58,59.12,59.70,60.31,60.96,61.67,62.43,62.43,64.16,65.16,66.28,67.54,69.01,70.74,72.85,75.58,79.43,86.01,--,--,--,--,--,--,--,--,--,--,--,--,--,--,--,--,--,--,--,--,--,--,--,--,--,--,--,--,--,--,--,--,--,--,--,--,--,--,--,--,--,--,--,--,--,--,--,--,--,--,--,--,--,--,--,--,--,--,--,--
TOU,mid,2040,recurring,46.18,46.37,46.58,46.78,46.99,47.20,47.41,47.64,47.87,48.09,48.33,48.57,48.82,49.07,49.33,49.59,49.86,50.15,50.44,50.73,51.03,51.34,51.68,52.01,52.35,52.70,53.06,53.46,53.46,54.26,54.69,55.13,55.61,56.10,56.60,57.14,57.70,58.32,58.95,59.62,60.34,61.11,61.98,62.89,63.88,64.97,66.19,67.65,69.25,71.15,73.46,76.43,80.88,88.15,--,--,--,--,--,--,--,--,--,--,--,--,--,--,--,--,--,--,--,--,--,--,--,--,--,--,--,--,--,--,--,--,--,--,--,--,--,--,--,--,--,--,--,--,--
TOU,mid,2045,recurring,43.12,43.27,43.41,43.55,43.70,43.84,43.99,44.14,44.30,44.45,44.61,44.78,44.94,45.11,45.29,45.46,45.63,45.81,46.00,46.18,46.37,46.58,46.77,46.97,47.19,47.40,47.61,47.83,47.83,48.30,48.54,48.80,49.04,49.30,49.58,49.85,50.13,50.41,50.73,51.03,51.35,51.70,52.03,52.39,52.78,53.16,53.55,53.96,54.43,54.88,55.36,55.90,56.43,56.99,57.63,58.28,58.28,58.96,60.57,61.46,62.44,63.61,64.85,66.29,68.10,70.19,72.86,76.60,83.52,--,--,--,--,--,--,--,--,--,--,--,--,--,--,--,--,--,--,--,--,--,--,--,--,--,--,--,--,--,--
TOU,mid,2050,recurring,41.10,41.20,41.32,41.42,41.54,41.64,41.76,41.87,42.00,42.11,42.23,42.35,42.48,42.60,42.73,42.86,43.00,43.12,43.27,43.40,43.55,43.68,43.83,43.98,44.13,44.28,44.44,44.60,44.60,44.92,45.10,45.27,45.45,45.62,45.81,45.99,46.19,46.38,46.59,46.81,47.01,47.24,47.45,47.69,47.92,48.17,48.41,48.68,48.93,49.22,49.49,49.80,50.09,50.42,50.73,51.09,51.09,51.43,52.19,52.62,53.03,53.50,53.96,54.49,55.00,55.60,56.20,56.90,57.59,58.42,59.27,60.29,61.36,62.70,64.16,66.10,68.40,71.91,77.39,--,--,--,--,--,--,--,--,--,--,--,--,--,--,--,--,--,--,--,--
